{"type": "FeatureCollection", "name": "rues_dans_zones", "crs": {"type": "name", "properties": {"name": "urn:ogc:def:crs:OGC:1.3:CRS84"}}, "features": [{"type": "Feature", "properties": {"name": "Boulevard du Royaume Est", "kind": "primary"}, "geometry": {"type": "Point", "coordinates": [-71.082702, 48.3797945]}}, {"type": "Feature", "properties": {"name": "Boulevard du Saguenay Est", "kind": "secondary"}, "geometry": {"type": "Point", "coordinates": [-71.0675557, 48.42938250000001]}}, {"type": "Feature", "properties": {"name": "Rue Jacques-Cartier Est", "kind": "secondary"}, "geometry": {"type": "Point", "coordinates": [-71.0469964, 48.42477230000001]}}, {"type": "Feature", "properties": {"name": "Boulevard Talbot", "kind": "primary"}, "geometry": {"type": "Point", "coordinates": [-71.0651072, 48.39838550000001]}}, {"type": "Feature", "properties": {"name": "Rue Sainte-Anne", "kind": "tertiary"}, "geometry": {"type": "Point", "coordinates": [-71.0684758, 48.42784619999999]}}, {"type": "Feature", "properties": {"name": "Rue Racine Est", "kind": "tertiary"}, "geometry": {"type": "Point", "coordinates": [-71.0453523, 48.42961840000002]}}, {"type": "Feature", "properties": {"name": "Rue Riverin", "kind": "residential"}, "geometry": {"type": "Point", "coordinates": [-71.0552399, 48.427600899999995]}}, {"type": "Feature", "properties": {"name": "Rue du Havre", "kind": "residential"}, "geometry": {"type": "Point", "coordinates": [-71.0556539, 48.42904690000001]}}, {"type": "Feature", "properties": {"name": "Boulevard du Saguenay Est", "kind": "secondary"}, "geometry": {"type": "Point", "coordinates": [-71.0599891, 48.429648200000024]}}, {"type": "Feature", "properties": {"name": "Rue Salaberry", "kind": "residential"}, "geometry": {"type": "Point", "coordinates": [-71.0534234, 48.429447700000004]}}, {"type": "Feature", "properties": {"name": "Boulevard du Saguenay Est", "kind": "secondary"}, "geometry": {"type": "Point", "coordinates": [-71.0490299, 48.43008760000001]}}, {"type": "Feature", "properties": {"name": "Boulevard de l'Université", "kind": "primary"}, "geometry": {"type": "Point", "coordinates": [-71.0732294, 48.4220684]}}, {"type": "Feature", "properties": {"name": "Boulevard de l'Université", "kind": "secondary"}, "geometry": {"type": "Point", "coordinates": [-71.0443429, 48.410351999999996]}}, {"type": "Feature", "properties": {"name": "Boulevard Saint-Jean-Baptiste", "kind": "secondary"}, "geometry": {"type": "Point", "coordinates": [-70.9910003, 48.39605580000001]}}, {"type": "Feature", "properties": {"name": "Rue des Routiers", "kind": "residential"}, "geometry": {"type": "Point", "coordinates": [-71.0787219, 48.382054400000015]}}, {"type": "Feature", "properties": {"name": "Rue Clément-Gilbert", "kind": "residential"}, "geometry": {"type": "Point", "coordinates": [-71.0749749, 48.38142189999999]}}, {"type": "Feature", "properties": {"name": "Rue de la Fonderie", "kind": "residential"}, "geometry": {"type": "Point", "coordinates": [-71.0728625, 48.389184400000005]}}, {"type": "Feature", "properties": {"name": "Rue du Sauvignon", "kind": "residential"}, "geometry": {"type": "Point", "coordinates": [-71.0704034, 48.3896062]}}, {"type": "Feature", "properties": {"name": "Rue Néron", "kind": "unclassified"}, "geometry": {"type": "Point", "coordinates": [-71.079549, 48.3884181]}}, {"type": "Feature", "properties": {"name": "Rue des Roitelets", "kind": "tertiary"}, "geometry": {"type": "Point", "coordinates": [-71.0698337, 48.393594799999995]}}, {"type": "Feature", "properties": {"name": "Rue des Saguenéens", "kind": "tertiary"}, "geometry": {"type": "Point", "coordinates": [-71.0611994, 48.40393000000002]}}, {"type": "Feature", "properties": {"name": "Chemin Saint-Paul", "kind": "tertiary"}, "geometry": {"type": "Point", "coordinates": [-71.1341719, 48.346881400000015]}}, {"type": "Feature", "properties": {"name": "Rang Saint-Joseph", "kind": "unclassified"}, "geometry": {"type": "Point", "coordinates": [-70.9608037, 48.407533900000004]}}, {"type": "Feature", "properties": {"name": "Rue Price Ouest", "kind": "tertiary"}, "geometry": {"type": "Point", "coordinates": [-71.0717451, 48.425598300000004]}}, {"type": "Feature", "properties": {"name": "Rue Sainte-Anne", "kind": "tertiary"}, "geometry": {"type": "Point", "coordinates": [-71.0691453, 48.4226868]}}, {"type": "Feature", "properties": {"name": "Rue Jacques-Cartier Ouest", "kind": "secondary"}, "geometry": {"type": "Point", "coordinates": [-71.069993, 48.42679290000001]}}, {"type": "Feature", "properties": {"name": "Boulevard Sainte-Geneviève", "kind": "primary"}, "geometry": {"type": "Point", "coordinates": [-71.0708879, 48.439801499999994]}}, {"type": "Feature", "properties": {"name": "Boulevard du Saguenay Ouest", "kind": "secondary"}, "geometry": {"type": "Point", "coordinates": [-71.0750943, 48.4299447]}}, {"type": "Feature", "properties": {"name": "Boulevard de Tadoussac", "kind": "primary"}, "geometry": {"type": "Point", "coordinates": [-71.0643328, 48.436685000000004]}}, {"type": "Feature", "properties": {"name": "Boulevard Saint-Paul", "kind": "secondary"}, "geometry": {"type": "Point", "coordinates": [-71.1085545, 48.39361230000001]}}, {"type": "Feature", "properties": {"name": "Boulevard du Royaume Ouest", "kind": "primary"}, "geometry": {"type": "Point", "coordinates": [-71.1347729, 48.39378349999999]}}, {"type": "Feature", "properties": {"name": "Rue Racine Ouest", "kind": "tertiary"}, "geometry": {"type": "Point", "coordinates": [-71.0699694, 48.428116700000004]}}, {"type": "Feature", "properties": {"name": "Rue de l'Hôtel-de-Ville", "kind": "residential"}, "geometry": {"type": "Point", "coordinates": [-71.0645049, 48.42663009999998]}}, {"type": "Feature", "properties": {"name": "Rue Morin", "kind": "residential"}, "geometry": {"type": "Point", "coordinates": [-71.0659269, 48.425236900000016]}}, {"type": "Feature", "properties": {"name": "Côte Saint-Ange", "kind": "tertiary"}, "geometry": {"type": "Point", "coordinates": [-71.0827992, 48.425575800000004]}}, {"type": "Feature", "properties": {"name": "Rue des Tamis", "kind": "residential"}, "geometry": {"type": "Point", "coordinates": [-71.1012636, 48.4093836]}}, {"type": "Feature", "properties": {"name": "Rue du Séchoir", "kind": "residential"}, "geometry": {"type": "Point", "coordinates": [-71.0974801, 48.40849589999999]}}, {"type": "Feature", "properties": {"name": "Rue du Barrage", "kind": "residential"}, "geometry": {"type": "Point", "coordinates": [-71.0984075, 48.40731559999999]}}, {"type": "Feature", "properties": {"name": "Rue des Turbines", "kind": "residential"}, "geometry": {"type": "Point", "coordinates": [-71.098371, 48.40725220000001]}}, {"type": "Feature", "properties": {"name": "Rue Price Ouest", "kind": "secondary"}, "geometry": {"type": "Point", "coordinates": [-71.0797873, 48.43081970000001]}}, {"type": "Feature", "properties": {"name": "Rue de l'Estacade", "kind": "residential"}, "geometry": {"type": "Point", "coordinates": [-71.0963125, 48.407103]}}, {"type": "Feature", "properties": {"name": "Rue de la Pulpe", "kind": "residential"}, "geometry": {"type": "Point", "coordinates": [-71.0971502, 48.40973510000001]}}, {"type": "Feature", "properties": {"name": "Rue du Canal", "kind": "residential"}, "geometry": {"type": "Point", "coordinates": [-71.0949186, 48.4106036]}}, {"type": "Feature", "properties": {"name": "Boulevard du Saguenay Est", "kind": "secondary"}, "geometry": {"type": "Point", "coordinates": [-71.0226445, 48.416797700000004]}}, {"type": "Feature", "properties": {"name": "Rue de l'Alsace", "kind": "residential"}, "geometry": {"type": "Point", "coordinates": [-71.0256158, 48.41379229999998]}}, {"type": "Feature", "properties": {"name": "Rue de Normandie", "kind": "residential"}, "geometry": {"type": "Point", "coordinates": [-71.02384840000002, 48.424677599999995]}}, {"type": "Feature", "properties": {"name": "Rue de Normandie", "kind": "residential"}, "geometry": {"type": "Point", "coordinates": [-71.0226303, 48.4218822]}}, {"type": "Feature", "properties": {"name": "Rue du Chemin-du-Golf", "kind": "residential"}, "geometry": {"type": "Point", "coordinates": [-71.0176789, 48.41914070000002]}}, {"type": "Feature", "properties": {"name": "Rang Saint-Martin", "kind": "tertiary"}, "geometry": {"type": "Point", "coordinates": [-70.99066680000001, 48.43190220000002]}}, {"type": "Feature", "properties": {"name": "Rue Adélard-Gobeil", "kind": "residential"}, "geometry": {"type": "Point", "coordinates": [-71.0277343, 48.4161309]}}, {"type": "Feature", "properties": {"name": "Rue d'Auvergne", "kind": "residential"}, "geometry": {"type": "Point", "coordinates": [-71.0256715, 48.41548350000001]}}, {"type": "Feature", "properties": {"name": "Rue Lorne Est", "kind": "residential"}, "geometry": {"type": "Point", "coordinates": [-71.0676802, 48.42273269999999]}}, {"type": "Feature", "properties": {"name": "Rue LaFontaine", "kind": "residential"}, "geometry": {"type": "Point", "coordinates": [-71.0606465, 48.4205697]}}, {"type": "Feature", "properties": {"name": "Rue Saint-Sacrement", "kind": "residential"}, "geometry": {"type": "Point", "coordinates": [-71.0627011, 48.42579069999999]}}, {"type": "Feature", "properties": {"name": "Rue La Fontaine", "kind": "residential"}, "geometry": {"type": "Point", "coordinates": [-71.0604665, 48.426548100000005]}}, {"type": "Feature", "properties": {"name": "Rue Saint-Luc", "kind": "residential"}, "geometry": {"type": "Point", "coordinates": [-71.0676142, 48.42335130000001]}}, {"type": "Feature", "properties": {"name": "Rue Saint-Philippe", "kind": "residential"}, "geometry": {"type": "Point", "coordinates": [-71.0671837, 48.42410730000001]}}, {"type": "Feature", "properties": {"name": "Rue Arthur-Buies", "kind": "residential"}, "geometry": {"type": "Point", "coordinates": [-71.0653372, 48.423924]}}, {"type": "Feature", "properties": {"name": "Rue Saint-Pierre", "kind": "residential"}, "geometry": {"type": "Point", "coordinates": [-71.0669093, 48.4237794]}}, {"type": "Feature", "properties": {"name": "Rue Henri Troyat", "kind": "residential"}, "geometry": {"type": "Point", "coordinates": [-71.0945695, 48.3974883]}}, {"type": "Feature", "properties": {"name": "Rue Pagnol", "kind": "residential"}, "geometry": {"type": "Point", "coordinates": [-71.0933862, 48.39985829999999]}}, {"type": "Feature", "properties": {"name": "Rue De Musset", "kind": "residential"}, "geometry": {"type": "Point", "coordinates": [-71.0918025, 48.39873279999999]}}, {"type": "Feature", "properties": {"name": "Rue Colette", "kind": "residential"}, "geometry": {"type": "Point", "coordinates": [-71.0908828, 48.39800399999999]}}, {"type": "Feature", "properties": {"name": "Rue Malraux", "kind": "residential"}, "geometry": {"type": "Point", "coordinates": [-71.0918452, 48.401891199999994]}}, {"type": "Feature", "properties": {"name": "Rue Mauriac", "kind": "residential"}, "geometry": {"type": "Point", "coordinates": [-71.0795275, 48.395332200000006]}}, {"type": "Feature", "properties": {"name": "Rue Flaubert", "kind": "residential"}, "geometry": {"type": "Point", "coordinates": [-71.0769291, 48.39497260000002]}}, {"type": "Feature", "properties": {"name": "Rue Calvin", "kind": "residential"}, "geometry": {"type": "Point", "coordinates": [-71.0807423, 48.395064600000005]}}, {"type": "Feature", "properties": {"name": "Rue Rimbaud", "kind": "residential"}, "geometry": {"type": "Point", "coordinates": [-71.0832436, 48.39565269999999]}}, {"type": "Feature", "properties": {"name": "Rue Rimbaud", "kind": "residential"}, "geometry": {"type": "Point", "coordinates": [-71.08008320000002, 48.396129600000016]}}, {"type": "Feature", "properties": {"name": "Rue du Portage", "kind": "residential"}, "geometry": {"type": "Point", "coordinates": [-71.0766599, 48.39763790000001]}}, {"type": "Feature", "properties": {"name": "Rue des Loups-Cerviers", "kind": "residential"}, "geometry": {"type": "Point", "coordinates": [-71.1152694, 48.4119672]}}, {"type": "Feature", "properties": {"name": "Rue Michael", "kind": "residential"}, "geometry": {"type": "Point", "coordinates": [-71.1334658, 48.40153779999999]}}, {"type": "Feature", "properties": {"name": "Rue des Siliciums", "kind": "residential"}, "geometry": {"type": "Point", "coordinates": [-71.1268034, 48.41104359999999]}}, {"type": "Feature", "properties": {"name": "Rue des Martres", "kind": "residential"}, "geometry": {"type": "Point", "coordinates": [-71.1180503, 48.4119103]}}, {"type": "Feature", "properties": {"name": "Rue des Renards", "kind": "residential"}, "geometry": {"type": "Point", "coordinates": [-71.1161599, 48.4113605]}}, {"type": "Feature", "properties": {"name": "Rue Saint-Léon", "kind": "residential"}, "geometry": {"type": "Point", "coordinates": [-71.0826714, 48.42543659999999]}}, {"type": "Feature", "properties": {"name": "Ruelle Saint-Félix", "kind": "residential"}, "geometry": {"type": "Point", "coordinates": [-71.0817824, 48.425893499999994]}}, {"type": "Feature", "properties": {"name": "Rue Dréan", "kind": "residential"}, "geometry": {"type": "Point", "coordinates": [-71.0799162, 48.42544649999999]}}, {"type": "Feature", "properties": {"name": "Rue Ross", "kind": "residential"}, "geometry": {"type": "Point", "coordinates": [-71.0777878, 48.426435]}}, {"type": "Feature", "properties": {"name": "Rue Jobin", "kind": "residential"}, "geometry": {"type": "Point", "coordinates": [-71.0808662, 48.42961879999999]}}, {"type": "Feature", "properties": {"name": "Rue Coulombe", "kind": "residential"}, "geometry": {"type": "Point", "coordinates": [-71.0806983, 48.428902000000015]}}, {"type": "Feature", "properties": {"name": "Rue de Régina", "kind": "residential"}, "geometry": {"type": "Point", "coordinates": [-71.0812293, 48.427405699999994]}}, {"type": "Feature", "properties": {"name": "Côte Fortin", "kind": "residential"}, "geometry": {"type": "Point", "coordinates": [-71.0814862, 48.42598610000001]}}, {"type": "Feature", "properties": {"name": "Rue des Hauts-Jardins", "kind": "residential"}, "geometry": {"type": "Point", "coordinates": [-71.0915135, 48.4312129]}}, {"type": "Feature", "properties": {"name": "Rue des Tuileries", "kind": "residential"}, "geometry": {"type": "Point", "coordinates": [-71.0898857, 48.4300977]}}, {"type": "Feature", "properties": {"name": "Chemin de la Réserve", "kind": "tertiary"}, "geometry": {"type": "Point", "coordinates": [-71.0811613, 48.427658400000006]}}, {"type": "Feature", "properties": {"name": "Rue Albert", "kind": "residential"}, "geometry": {"type": "Point", "coordinates": [-71.0902974, 48.43339180000002]}}, {"type": "Feature", "properties": {"name": "Rue Harry", "kind": "residential"}, "geometry": {"type": "Point", "coordinates": [-71.0929441, 48.43326660000001]}}, {"type": "Feature", "properties": {"name": "Rue Simard", "kind": "residential"}, "geometry": {"type": "Point", "coordinates": [-71.0926742, 48.433827799999996]}}, {"type": "Feature", "properties": {"name": "Rue J.-R.-Théberge", "kind": "residential"}, "geometry": {"type": "Point", "coordinates": [-71.0892042, 48.42913459999999]}}, {"type": "Feature", "properties": {"name": "Rue de la Garonne", "kind": "residential"}, "geometry": {"type": "Point", "coordinates": [-71.10972280000001, 48.4332579]}}, {"type": "Feature", "properties": {"name": "Rue des Côtes-du-Rhône", "kind": "residential"}, "geometry": {"type": "Point", "coordinates": [-71.1117644, 48.43361480000001]}}, {"type": "Feature", "properties": {"name": "Rue Germain", "kind": "residential"}, "geometry": {"type": "Point", "coordinates": [-71.0982607, 48.4346502]}}, {"type": "Feature", "properties": {"name": "Rue Sainte-Monique", "kind": "residential"}, "geometry": {"type": "Point", "coordinates": [-71.0951873, 48.43380030000001]}}, {"type": "Feature", "properties": {"name": "Rue Rodolphe", "kind": "residential"}, "geometry": {"type": "Point", "coordinates": [-71.0910808, 48.43332329999999]}}, {"type": "Feature", "properties": {"name": "Rue Desmeules", "kind": "residential"}, "geometry": {"type": "Point", "coordinates": [-71.11342190000002, 48.435791]}}, {"type": "Feature", "properties": {"name": "Rue Panoramique", "kind": "residential"}, "geometry": {"type": "Point", "coordinates": [-71.1150462, 48.4338128]}}, {"type": "Feature", "properties": {"name": "Place Monal", "kind": "residential"}, "geometry": {"type": "Point", "coordinates": [-71.1161345, 48.4330214]}}, {"type": "Feature", "properties": {"name": "Rue du Bois-de-Boulogne", "kind": "residential"}, "geometry": {"type": "Point", "coordinates": [-71.1125765, 48.43257909999999]}}, {"type": "Feature", "properties": {"name": "Rue de la Côte-d'Azur", "kind": "residential"}, "geometry": {"type": "Point", "coordinates": [-71.1104839, 48.433433100000016]}}, {"type": "Feature", "properties": {"name": "Rue Dallaire", "kind": "residential"}, "geometry": {"type": "Point", "coordinates": [-71.1236959, 48.43690639999999]}}, {"type": "Feature", "properties": {"name": "Rue Daniel", "kind": "residential"}, "geometry": {"type": "Point", "coordinates": [-71.1144901, 48.4351379]}}, {"type": "Feature", "properties": {"name": "Place Caprice", "kind": "residential"}, "geometry": {"type": "Point", "coordinates": [-71.1156226, 48.43416950000001]}}, {"type": "Feature", "properties": {"name": "Rue René-Goupil", "kind": "residential"}, "geometry": {"type": "Point", "coordinates": [-71.1160092, 48.4356021]}}, {"type": "Feature", "properties": {"name": "Rue Lapointe", "kind": "residential"}, "geometry": {"type": "Point", "coordinates": [-71.1122299, 48.30753570000001]}}, {"type": "Feature", "properties": {"name": "Rue de la Fabrique", "kind": "residential"}, "geometry": {"type": "Point", "coordinates": [-71.1081098, 48.3085252]}}, {"type": "Feature", "properties": {"name": "Rue Gauthier", "kind": "residential"}, "geometry": {"type": "Point", "coordinates": [-71.1106705, 48.3054881]}}, {"type": "Feature", "properties": {"name": "Rue du Père-Honorat", "kind": "residential"}, "geometry": {"type": "Point", "coordinates": [-71.1088285, 48.30421390000001]}}, {"type": "Feature", "properties": {"name": "Rue Gilbert", "kind": "residential"}, "geometry": {"type": "Point", "coordinates": [-71.1267029, 48.32082750000001]}}, {"type": "Feature", "properties": {"name": "Rue Pedneault", "kind": "residential"}, "geometry": {"type": "Point", "coordinates": [-71.1258979, 48.32046309999999]}}, {"type": "Feature", "properties": {"name": "Rue de la culture", "kind": "residential"}, "geometry": {"type": "Point", "coordinates": [-71.1164908, 48.31043369999999]}}, {"type": "Feature", "properties": {"name": "Rue du Seigle", "kind": "residential"}, "geometry": {"type": "Point", "coordinates": [-71.1152687, 48.311068]}}, {"type": "Feature", "properties": {"name": "Rue des Rapides", "kind": "residential"}, "geometry": {"type": "Point", "coordinates": [-71.1314354, 48.3228863]}}, {"type": "Feature", "properties": {"name": "Rue des Buissons", "kind": "residential"}, "geometry": {"type": "Point", "coordinates": [-71.1317028, 48.32184270000001]}}, {"type": "Feature", "properties": {"name": "Chemin Edgar", "kind": "residential"}, "geometry": {"type": "Point", "coordinates": [-71.1296421, 48.3247332]}}, {"type": "Feature", "properties": {"name": "Rue Saint-Gelais", "kind": "residential"}, "geometry": {"type": "Point", "coordinates": [-71.1275873, 48.321225800000015]}}, {"type": "Feature", "properties": {"name": "Rue Lavoie", "kind": "residential"}, "geometry": {"type": "Point", "coordinates": [-71.125327, 48.321850899999994]}}, {"type": "Feature", "properties": {"name": "Rue du Vieux-Pont Nord", "kind": "residential"}, "geometry": {"type": "Point", "coordinates": [-71.1321357, 48.3211776]}}, {"type": "Feature", "properties": {"name": "Rue de Vieux-Pont Sud", "kind": "residential"}, "geometry": {"type": "Point", "coordinates": [-71.1283416, 48.31977560000001]}}, {"type": "Feature", "properties": {"name": "Rue des Saules", "kind": "residential"}, "geometry": {"type": "Point", "coordinates": [-71.1325938, 48.3201963]}}, {"type": "Feature", "properties": {"name": "Rang Saint-Pierre", "kind": "tertiary"}, "geometry": {"type": "Point", "coordinates": [-71.1452574, 48.3553457]}}, {"type": "Feature", "properties": {"name": "Chemin du Portage des Roches Sud", "kind": "unclassified"}, "geometry": {"type": "Point", "coordinates": [-71.1772345, 48.304517999999995]}}, {"type": "Feature", "properties": {"name": "Rue Côté", "kind": "residential"}, "geometry": {"type": "Point", "coordinates": [-71.1570145, 48.306285599999995]}}, {"type": "Feature", "properties": {"name": "Rue Blackburn", "kind": "residential"}, "geometry": {"type": "Point", "coordinates": [-71.1567249, 48.30665650000001]}}, {"type": "Feature", "properties": {"name": "Boulevard Talbot", "kind": "unclassified"}, "geometry": {"type": "Point", "coordinates": [-71.1505564, 48.300265400000015]}}, {"type": "Feature", "properties": {"name": "Boulevard Talbot", "kind": "unclassified"}, "geometry": {"type": "Point", "coordinates": [-71.1456423, 48.30463220000001]}}, {"type": "Feature", "properties": {"name": "Boulevard Talbot", "kind": "unclassified"}, "geometry": {"type": "Point", "coordinates": [-71.1494288, 48.301904100000016]}}, {"type": "Feature", "properties": {"name": "Rang Saint-Roch", "kind": "residential"}, "geometry": {"type": "Point", "coordinates": [-71.0244991, 48.3499736]}}, {"type": "Feature", "properties": {"name": "Rue des Rosiers", "kind": "residential"}, "geometry": {"type": "Point", "coordinates": [-70.985028, 48.39032229999999]}}, {"type": "Feature", "properties": {"name": "Rue des Lilas", "kind": "residential"}, "geometry": {"type": "Point", "coordinates": [-70.9840713, 48.3897857]}}, {"type": "Feature", "properties": {"name": "Rue des Lys", "kind": "residential"}, "geometry": {"type": "Point", "coordinates": [-70.9825703, 48.39001680000001]}}, {"type": "Feature", "properties": {"name": "Rue des Routiers", "kind": "residential"}, "geometry": {"type": "Point", "coordinates": [-71.0827093, 48.3840617]}}, {"type": "Feature", "properties": {"name": "Rue des Routiers", "kind": "residential"}, "geometry": {"type": "Point", "coordinates": [-71.0790853, 48.3828788]}}, {"type": "Feature", "properties": {"name": "Rang Sainte-Famille", "kind": "tertiary"}, "geometry": {"type": "Point", "coordinates": [-71.0521476, 48.3597684]}}, {"type": "Feature", "properties": {"name": "Boulevard du Royaume Ouest", "kind": "primary"}, "geometry": {"type": "Point", "coordinates": [-71.1014632, 48.3848304]}}, {"type": "Feature", "properties": {"name": "Rue des Marguerites", "kind": "residential"}, "geometry": {"type": "Point", "coordinates": [-71.1140415, 48.33589200000001]}}, {"type": "Feature", "properties": {"name": "Rue de la Pinède", "kind": "residential"}, "geometry": {"type": "Point", "coordinates": [-71.1145454, 48.34004269999999]}}, {"type": "Feature", "properties": {"name": "Rue Roberge", "kind": "residential"}, "geometry": {"type": "Point", "coordinates": [-71.1089888, 48.3407478]}}, {"type": "Feature", "properties": {"name": "Rue Roberge", "kind": "residential"}, "geometry": {"type": "Point", "coordinates": [-71.1119887, 48.3404697]}}, {"type": "Feature", "properties": {"name": "Chemin de la Chaîne", "kind": "residential"}, "geometry": {"type": "Point", "coordinates": [-71.124027, 48.2739387]}}, {"type": "Feature", "properties": {"name": "Chemin Saint-Henri", "kind": "residential"}, "geometry": {"type": "Point", "coordinates": [-71.11342630000001, 48.3025951]}}, {"type": "Feature", "properties": {"name": "Rue des Tulipes", "kind": "residential"}, "geometry": {"type": "Point", "coordinates": [-70.9831389, 48.38957270000001]}}, {"type": "Feature", "properties": {"name": "Rue Lavoie", "kind": "residential"}, "geometry": {"type": "Point", "coordinates": [-70.9818317, 48.3895074]}}, {"type": "Feature", "properties": {"name": "Rue Girard", "kind": "residential"}, "geometry": {"type": "Point", "coordinates": [-70.9835911, 48.392014499999995]}}, {"type": "Feature", "properties": {"name": "Rue Alfred", "kind": "residential"}, "geometry": {"type": "Point", "coordinates": [-70.9837218, 48.39254520000001]}}, {"type": "Feature", "properties": {"name": "Rue Saint-Marc", "kind": "residential"}, "geometry": {"type": "Point", "coordinates": [-71.0683073, 48.4386876]}}, {"type": "Feature", "properties": {"name": "Rue du Pont", "kind": "secondary"}, "geometry": {"type": "Point", "coordinates": [-71.0672038, 48.43508239999999]}}, {"type": "Feature", "properties": {"name": "Rue Saint-Donat", "kind": "residential"}, "geometry": {"type": "Point", "coordinates": [-71.066148, 48.4379358]}}, {"type": "Feature", "properties": {"name": "Rue Bourget", "kind": "residential"}, "geometry": {"type": "Point", "coordinates": [-71.0617391, 48.4396945]}}, {"type": "Feature", "properties": {"name": "Rue Saint-Éphrem", "kind": "residential"}, "geometry": {"type": "Point", "coordinates": [-71.0627212, 48.438914900000015]}}, {"type": "Feature", "properties": {"name": "Rue Saint-François", "kind": "residential"}, "geometry": {"type": "Point", "coordinates": [-71.0651572, 48.4380681]}}, {"type": "Feature", "properties": {"name": "Rue Saint-Ambroise", "kind": "residential"}, "geometry": {"type": "Point", "coordinates": [-71.0660764, 48.43800699999999]}}, {"type": "Feature", "properties": {"name": "Rue des Tangaras", "kind": "residential"}, "geometry": {"type": "Point", "coordinates": [-71.0491445, 48.4007374]}}, {"type": "Feature", "properties": {"name": "Rue des Chevaliers", "kind": "residential"}, "geometry": {"type": "Point", "coordinates": [-71.0540027, 48.4006899]}}, {"type": "Feature", "properties": {"name": "Rue des Morillons", "kind": "residential"}, "geometry": {"type": "Point", "coordinates": [-71.05236, 48.4002486]}}, {"type": "Feature", "properties": {"name": "Rue des Sternes", "kind": "residential"}, "geometry": {"type": "Point", "coordinates": [-71.05276670000002, 48.40066909999999]}}, {"type": "Feature", "properties": {"name": "Rue des Chevaliers", "kind": "residential"}, "geometry": {"type": "Point", "coordinates": [-71.0536086, 48.40003]}}, {"type": "Feature", "properties": {"name": "Rue des Mésanges", "kind": "residential"}, "geometry": {"type": "Point", "coordinates": [-71.0491441, 48.3976404]}}, {"type": "Feature", "properties": {"name": "Rue des Bernaches", "kind": "residential"}, "geometry": {"type": "Point", "coordinates": [-71.0500451, 48.3982761]}}, {"type": "Feature", "properties": {"name": "Rue des Geais-Bleus", "kind": "residential"}, "geometry": {"type": "Point", "coordinates": [-71.0489405, 48.398431300000006]}}, {"type": "Feature", "properties": {"name": "Rue des Viréos", "kind": "residential"}, "geometry": {"type": "Point", "coordinates": [-71.0485658, 48.399397099999995]}}, {"type": "Feature", "properties": {"name": "Rue des Martinets", "kind": "residential"}, "geometry": {"type": "Point", "coordinates": [-71.0493944, 48.400191400000004]}}, {"type": "Feature", "properties": {"name": "Rue des Sizerins", "kind": "residential"}, "geometry": {"type": "Point", "coordinates": [-71.0572397, 48.3998275]}}, {"type": "Feature", "properties": {"name": "Rue des Pinsons", "kind": "residential"}, "geometry": {"type": "Point", "coordinates": [-71.0569732, 48.40070670000002]}}, {"type": "Feature", "properties": {"name": "Rue des Chardonnerets", "kind": "residential"}, "geometry": {"type": "Point", "coordinates": [-71.0511391, 48.3965464]}}, {"type": "Feature", "properties": {"name": "Rue des Roselins", "kind": "residential"}, "geometry": {"type": "Point", "coordinates": [-71.0515099, 48.39692060000001]}}, {"type": "Feature", "properties": {"name": "Rue des Perdrix", "kind": "residential"}, "geometry": {"type": "Point", "coordinates": [-71.0504732, 48.3974901]}}, {"type": "Feature", "properties": {"name": "Rue des Sittelles", "kind": "residential"}, "geometry": {"type": "Point", "coordinates": [-71.0562722, 48.3991087]}}, {"type": "Feature", "properties": {"name": "Rue des Fauvettes", "kind": "residential"}, "geometry": {"type": "Point", "coordinates": [-71.0554674, 48.3984208]}}, {"type": "Feature", "properties": {"name": "Rue des Grives", "kind": "residential"}, "geometry": {"type": "Point", "coordinates": [-71.0538208, 48.39845400000001]}}, {"type": "Feature", "properties": {"name": "Rue des Colibris", "kind": "residential"}, "geometry": {"type": "Point", "coordinates": [-71.0548924, 48.398928299999994]}}, {"type": "Feature", "properties": {"name": "Rue des Sarcelles", "kind": "residential"}, "geometry": {"type": "Point", "coordinates": [-71.0578926, 48.39990160000001]}}, {"type": "Feature", "properties": {"name": "Rue des Grands-Ducs", "kind": "residential"}, "geometry": {"type": "Point", "coordinates": [-71.0587715, 48.400601]}}, {"type": "Feature", "properties": {"name": "Rue des Crécerelles", "kind": "residential"}, "geometry": {"type": "Point", "coordinates": [-71.0561005, 48.3976581]}}, {"type": "Feature", "properties": {"name": "Rue des Engoulevents", "kind": "residential"}, "geometry": {"type": "Point", "coordinates": [-71.0525587, 48.39941060000001]}}, {"type": "Feature", "properties": {"name": "Rue des Pluviers", "kind": "residential"}, "geometry": {"type": "Point", "coordinates": [-71.0538748, 48.3992183]}}, {"type": "Feature", "properties": {"name": "Rue des Hiboux", "kind": "residential"}, "geometry": {"type": "Point", "coordinates": [-71.0531084, 48.39329279999998]}}, {"type": "Feature", "properties": {"name": "Rue des Pigeons", "kind": "residential"}, "geometry": {"type": "Point", "coordinates": [-71.0513754, 48.39285269999999]}}, {"type": "Feature", "properties": {"name": "Rue des Goélands", "kind": "residential"}, "geometry": {"type": "Point", "coordinates": [-71.0505377, 48.3925266]}}, {"type": "Feature", "properties": {"name": "Rue des Passerins", "kind": "residential"}, "geometry": {"type": "Point", "coordinates": [-71.0628089, 48.3942565]}}, {"type": "Feature", "properties": {"name": "Rue des Colombes", "kind": "residential"}, "geometry": {"type": "Point", "coordinates": [-71.0595697, 48.392580499999994]}}, {"type": "Feature", "properties": {"name": "Rue des Hirondelles", "kind": "residential"}, "geometry": {"type": "Point", "coordinates": [-71.0570158, 48.39230810000001]}}, {"type": "Feature", "properties": {"name": "Rue des Tourterelles", "kind": "residential"}, "geometry": {"type": "Point", "coordinates": [-71.0574703, 48.39195]}}, {"type": "Feature", "properties": {"name": "Rue des Faucons", "kind": "residential"}, "geometry": {"type": "Point", "coordinates": [-71.0530794, 48.391522200000004]}}, {"type": "Feature", "properties": {"name": "Rue des Hérons", "kind": "residential"}, "geometry": {"type": "Point", "coordinates": [-71.0573265, 48.39457719999999]}}, {"type": "Feature", "properties": {"name": "Rue des Bécasses", "kind": "residential"}, "geometry": {"type": "Point", "coordinates": [-71.0590572, 48.39497099999999]}}, {"type": "Feature", "properties": {"name": "Rue des Chouettes", "kind": "residential"}, "geometry": {"type": "Point", "coordinates": [-71.0583434, 48.392934999999994]}}, {"type": "Feature", "properties": {"name": "Rue des Harfangs", "kind": "residential"}, "geometry": {"type": "Point", "coordinates": [-71.0619138, 48.39369580000002]}}, {"type": "Feature", "properties": {"name": "Rue des Merlebleus", "kind": "residential"}, "geometry": {"type": "Point", "coordinates": [-71.0636495, 48.394517199999996]}}, {"type": "Feature", "properties": {"name": "Rue des Sapins", "kind": "residential"}, "geometry": {"type": "Point", "coordinates": [-71.0684983, 48.39397090000001]}}, {"type": "Feature", "properties": {"name": "Rue Alphonse-Desjardins", "kind": "residential"}, "geometry": {"type": "Point", "coordinates": [-71.0494933, 48.40412890000001]}}, {"type": "Feature", "properties": {"name": "Rue Émile-Girardin", "kind": "unclassified"}, "geometry": {"type": "Point", "coordinates": [-71.0506729, 48.406620100000005]}}, {"type": "Feature", "properties": {"name": "Rue des Champs-Élysées", "kind": "residential"}, "geometry": {"type": "Point", "coordinates": [-71.0599654, 48.4120612]}}, {"type": "Feature", "properties": {"name": "Rue Lorenzo-Genest", "kind": "residential"}, "geometry": {"type": "Point", "coordinates": [-71.049718, 48.4088588]}}, {"type": "Feature", "properties": {"name": "Rue D.-V.-Morrier", "kind": "residential"}, "geometry": {"type": "Point", "coordinates": [-71.0497975, 48.408882899999995]}}, {"type": "Feature", "properties": {"name": "Rue Adélard-Plourde", "kind": "residential"}, "geometry": {"type": "Point", "coordinates": [-71.0467671, 48.405879]}}, {"type": "Feature", "properties": {"name": "Rue Alfred-Rouleau", "kind": "residential"}, "geometry": {"type": "Point", "coordinates": [-71.0487106, 48.405549799999996]}}, {"type": "Feature", "properties": {"name": "Rue Joseph-Dandurand", "kind": "residential"}, "geometry": {"type": "Point", "coordinates": [-71.0476249, 48.4076878]}}, {"type": "Feature", "properties": {"name": "Rue Basile-Villeneuve", "kind": "residential"}, "geometry": {"type": "Point", "coordinates": [-71.0472063, 48.407000800000006]}}, {"type": "Feature", "properties": {"name": "Rue Gaudiose-Brassard", "kind": "residential"}, "geometry": {"type": "Point", "coordinates": [-71.0480893, 48.40895340000001]}}, {"type": "Feature", "properties": {"name": "Rue Cyrille-Vaillancourt", "kind": "residential"}, "geometry": {"type": "Point", "coordinates": [-71.0471086, 48.40485789999999]}}, {"type": "Feature", "properties": {"name": "Rue Vézina", "kind": "residential"}, "geometry": {"type": "Point", "coordinates": [-71.0364907, 48.4290631]}}, {"type": "Feature", "properties": {"name": "Rue de la Gravière", "kind": "residential"}, "geometry": {"type": "Point", "coordinates": [-71.0372614, 48.42863600000002]}}, {"type": "Feature", "properties": {"name": "Rue du Sacré-Coeur", "kind": "residential"}, "geometry": {"type": "Point", "coordinates": [-71.0370901, 48.42888449999998]}}, {"type": "Feature", "properties": {"name": "Rue de l'École", "kind": "residential"}, "geometry": {"type": "Point", "coordinates": [-71.0390354, 48.429182600000004]}}, {"type": "Feature", "properties": {"name": "Rue Léonidas-Bélanger", "kind": "residential"}, "geometry": {"type": "Point", "coordinates": [-71.0412841, 48.42861520000001]}}, {"type": "Feature", "properties": {"name": "Rue Henri-Martin", "kind": "residential"}, "geometry": {"type": "Point", "coordinates": [-71.0331091, 48.42751030000002]}}, {"type": "Feature", "properties": {"name": "Rue Perron", "kind": "residential"}, "geometry": {"type": "Point", "coordinates": [-71.0340631, 48.427867]}}, {"type": "Feature", "properties": {"name": "Rue Nil-Tremblay", "kind": "residential"}, "geometry": {"type": "Point", "coordinates": [-71.0366896, 48.4285737]}}, {"type": "Feature", "properties": {"name": "Rue Anthyme-Larouche", "kind": "residential"}, "geometry": {"type": "Point", "coordinates": [-71.0354904, 48.429300500000004]}}, {"type": "Feature", "properties": {"name": "Rue du Sacré-Coeur", "kind": "residential"}, "geometry": {"type": "Point", "coordinates": [-71.0347277, 48.428940199999985]}}, {"type": "Feature", "properties": {"name": "Rue Melançon", "kind": "residential"}, "geometry": {"type": "Point", "coordinates": [-71.0340054, 48.424422]}}, {"type": "Feature", "properties": {"name": "Rue de l'Assomption", "kind": "residential"}, "geometry": {"type": "Point", "coordinates": [-71.0347874, 48.42441120000002]}}, {"type": "Feature", "properties": {"name": "Rue Beauregard", "kind": "residential"}, "geometry": {"type": "Point", "coordinates": [-71.0358638, 48.4258641]}}, {"type": "Feature", "properties": {"name": "Rue Jean-Langevin", "kind": "residential"}, "geometry": {"type": "Point", "coordinates": [-71.0327852, 48.42764059999999]}}, {"type": "Feature", "properties": {"name": "Rue du Foyer", "kind": "residential"}, "geometry": {"type": "Point", "coordinates": [-71.0369853, 48.424459]}}, {"type": "Feature", "properties": {"name": "Rue Paré", "kind": "residential"}, "geometry": {"type": "Point", "coordinates": [-71.0369878, 48.42175000000002]}}, {"type": "Feature", "properties": {"name": "Rue Desaulniers", "kind": "residential"}, "geometry": {"type": "Point", "coordinates": [-71.0365692, 48.42240910000001]}}, {"type": "Feature", "properties": {"name": "Rue Félix-Antoine-Savard", "kind": "residential"}, "geometry": {"type": "Point", "coordinates": [-71.0343749, 48.421973900000005]}}, {"type": "Feature", "properties": {"name": "Rue Notre-Dame", "kind": "residential"}, "geometry": {"type": "Point", "coordinates": [-71.0348671, 48.42375139999999]}}, {"type": "Feature", "properties": {"name": "Rue Morel", "kind": "residential"}, "geometry": {"type": "Point", "coordinates": [-71.039085, 48.418800399999995]}}, {"type": "Feature", "properties": {"name": "Rue des Franciscaines", "kind": "residential"}, "geometry": {"type": "Point", "coordinates": [-71.0387688, 48.42011629999999]}}, {"type": "Feature", "properties": {"name": "Rue Louis-Hémon", "kind": "residential"}, "geometry": {"type": "Point", "coordinates": [-71.0384796, 48.420034699999995]}}, {"type": "Feature", "properties": {"name": "Rue Derfla", "kind": "residential"}, "geometry": {"type": "Point", "coordinates": [-71.037231, 48.420925499999996]}}, {"type": "Feature", "properties": {"name": "Rue Jacques Cartier", "kind": "residential"}, "geometry": {"type": "Point", "coordinates": [-71.0403419, 48.42377160000001]}}, {"type": "Feature", "properties": {"name": "Rue Blanchard", "kind": "residential"}, "geometry": {"type": "Point", "coordinates": [-71.03471, 48.414064700000004]}}, {"type": "Feature", "properties": {"name": "Rue Chaperon", "kind": "residential"}, "geometry": {"type": "Point", "coordinates": [-71.0365246, 48.414802399999985]}}, {"type": "Feature", "properties": {"name": "Chemin Sydenham", "kind": "residential"}, "geometry": {"type": "Point", "coordinates": [-71.0440276, 48.42130889999999]}}, {"type": "Feature", "properties": {"name": "Rue Papineau", "kind": "residential"}, "geometry": {"type": "Point", "coordinates": [-71.0419371, 48.41814490000001]}}, {"type": "Feature", "properties": {"name": "Rue Pierre-Bédard", "kind": "residential"}, "geometry": {"type": "Point", "coordinates": [-71.0398834, 48.416156400000006]}}, {"type": "Feature", "properties": {"name": "Rue D'Argenson", "kind": "residential"}, "geometry": {"type": "Point", "coordinates": [-71.039402, 48.41640900000001]}}, {"type": "Feature", "properties": {"name": "Rue de Tracy", "kind": "residential"}, "geometry": {"type": "Point", "coordinates": [-71.0375206, 48.416333400000006]}}, {"type": "Feature", "properties": {"name": "Rue D'Avaugour", "kind": "residential"}, "geometry": {"type": "Point", "coordinates": [-71.0370345, 48.41408289999999]}}, {"type": "Feature", "properties": {"name": "Rue de l'Acadie", "kind": "residential"}, "geometry": {"type": "Point", "coordinates": [-71.0345228, 48.413796899999994]}}, {"type": "Feature", "properties": {"name": "Rue Jacques-Frémin", "kind": "residential"}, "geometry": {"type": "Point", "coordinates": [-71.0423785, 48.41108439999999]}}, {"type": "Feature", "properties": {"name": "Rue du Père-Champagnat", "kind": "residential"}, "geometry": {"type": "Point", "coordinates": [-71.0400858, 48.413662800000004]}}, {"type": "Feature", "properties": {"name": "Rue des Augustines", "kind": "residential"}, "geometry": {"type": "Point", "coordinates": [-71.0414055, 48.41236370000001]}}, {"type": "Feature", "properties": {"name": "Rue Pierre-Laure", "kind": "residential"}, "geometry": {"type": "Point", "coordinates": [-71.0428497, 48.414135800000004]}}, {"type": "Feature", "properties": {"name": "Rue Beauchamp", "kind": "residential"}, "geometry": {"type": "Point", "coordinates": [-71.0391369, 48.415265600000005]}}, {"type": "Feature", "properties": {"name": "Rue Chabanel", "kind": "residential"}, "geometry": {"type": "Point", "coordinates": [-71.0447271, 48.4148938]}}, {"type": "Feature", "properties": {"name": "Rue Amyot", "kind": "residential"}, "geometry": {"type": "Point", "coordinates": [-71.045364, 48.41683559999999]}}, {"type": "Feature", "properties": {"name": "Rue D'Iberville", "kind": "residential"}, "geometry": {"type": "Point", "coordinates": [-71.0430011, 48.41691300000001]}}, {"type": "Feature", "properties": {"name": "Rue Scott", "kind": "residential"}, "geometry": {"type": "Point", "coordinates": [-71.0423572, 48.416147]}}, {"type": "Feature", "properties": {"name": "Rue Bouchette", "kind": "residential"}, "geometry": {"type": "Point", "coordinates": [-71.04449930000001, 48.41517890000001]}}, {"type": "Feature", "properties": {"name": "Rue Radisson", "kind": "residential"}, "geometry": {"type": "Point", "coordinates": [-71.0470509, 48.411637]}}, {"type": "Feature", "properties": {"name": "Rue Turgeon", "kind": "residential"}, "geometry": {"type": "Point", "coordinates": [-71.0464483, 48.4131054]}}, {"type": "Feature", "properties": {"name": "Rue Baillargeon", "kind": "residential"}, "geometry": {"type": "Point", "coordinates": [-71.0460312, 48.413709499999996]}}, {"type": "Feature", "properties": {"name": "Rue Grandin", "kind": "residential"}, "geometry": {"type": "Point", "coordinates": [-71.0454923, 48.4143119]}}, {"type": "Feature", "properties": {"name": "Rue Chabanel", "kind": "residential"}, "geometry": {"type": "Point", "coordinates": [-71.0491839, 48.4168325]}}, {"type": "Feature", "properties": {"name": "Rue Murdock", "kind": "residential"}, "geometry": {"type": "Point", "coordinates": [-71.0495021, 48.41176989999999]}}, {"type": "Feature", "properties": {"name": "Rue Lacombe", "kind": "residential"}, "geometry": {"type": "Point", "coordinates": [-71.0469815, 48.4125659]}}, {"type": "Feature", "properties": {"name": "Rue Provencher", "kind": "residential"}, "geometry": {"type": "Point", "coordinates": [-71.0450726, 48.41337469999999]}}, {"type": "Feature", "properties": {"name": "Rue des Saguenéens", "kind": "tertiary"}, "geometry": {"type": "Point", "coordinates": [-71.0617381, 48.40420319999999]}}, {"type": "Feature", "properties": {"name": "Chemin Kiwanis", "kind": "residential"}, "geometry": {"type": "Point", "coordinates": [-71.1524084, 48.31001320000001]}}, {"type": "Feature", "properties": {"name": "Rue Gingras", "kind": "residential"}, "geometry": {"type": "Point", "coordinates": [-71.144653, 48.3144994]}}, {"type": "Feature", "properties": {"name": "Rue Potvin", "kind": "residential"}, "geometry": {"type": "Point", "coordinates": [-71.1477606, 48.31374690000002]}}, {"type": "Feature", "properties": {"name": "Rue des Caravanes", "kind": "residential"}, "geometry": {"type": "Point", "coordinates": [-71.1397342, 48.318225700000006]}}, {"type": "Feature", "properties": {"name": "Chemin des Copains", "kind": "residential"}, "geometry": {"type": "Point", "coordinates": [-71.1709496, 48.3039858]}}, {"type": "Feature", "properties": {"name": "Rue Joseph", "kind": "residential"}, "geometry": {"type": "Point", "coordinates": [-71.1603311, 48.31139580000001]}}, {"type": "Feature", "properties": {"name": "Rue Girard", "kind": "residential"}, "geometry": {"type": "Point", "coordinates": [-71.1586633, 48.3102918]}}, {"type": "Feature", "properties": {"name": "Rue du Rocher", "kind": "residential"}, "geometry": {"type": "Point", "coordinates": [-71.1619086, 48.3117806]}}, {"type": "Feature", "properties": {"name": "Chemin des Portageurs", "kind": "residential"}, "geometry": {"type": "Point", "coordinates": [-71.2217137, 48.3139645]}}, {"type": "Feature", "properties": {"name": "Rue Lagacé", "kind": "residential"}, "geometry": {"type": "Point", "coordinates": [-71.2123423, 48.3123045]}}, {"type": "Feature", "properties": {"name": "Rue Notre-Dame", "kind": "tertiary"}, "geometry": {"type": "Point", "coordinates": [-71.1057044, 48.310691199999994]}}, {"type": "Feature", "properties": {"name": "Chemin de l'Église", "kind": "tertiary"}, "geometry": {"type": "Point", "coordinates": [-71.0770869, 48.335823799999986]}}, {"type": "Feature", "properties": {"name": "Chemin du Portage-des-Roches Nord", "kind": "unclassified"}, "geometry": {"type": "Point", "coordinates": [-71.1741556, 48.31134290000001]}}, {"type": "Feature", "properties": {"name": "Chemin Saint-Henri", "kind": "residential"}, "geometry": {"type": "Point", "coordinates": [-71.09722350000001, 48.30861459999999]}}, {"type": "Feature", "properties": {"name": "Rue des Cascades", "kind": "residential"}, "geometry": {"type": "Point", "coordinates": [-71.105423, 48.304009]}}, {"type": "Feature", "properties": {"name": "Chemin Saint-Isidore", "kind": "residential"}, "geometry": {"type": "Point", "coordinates": [-71.0592802, 48.32931429999999]}}, {"type": "Feature", "properties": {"name": "Rue Saint-Antoine", "kind": "residential"}, "geometry": {"type": "Point", "coordinates": [-71.0641482, 48.42610799999999]}}, {"type": "Feature", "properties": {"name": "Rue Saint-Jacques", "kind": "residential"}, "geometry": {"type": "Point", "coordinates": [-71.0708678, 48.42487849999999]}}, {"type": "Feature", "properties": {"name": "Rue Lévesque Ouest", "kind": "residential"}, "geometry": {"type": "Point", "coordinates": [-71.0698729, 48.42483930000001]}}, {"type": "Feature", "properties": {"name": "Rue Lévesque Est", "kind": "residential"}, "geometry": {"type": "Point", "coordinates": [-71.0683787, 48.424771]}}, {"type": "Feature", "properties": {"name": "Rue du Séminaire", "kind": "residential"}, "geometry": {"type": "Point", "coordinates": [-71.051884, 48.4271337]}}, {"type": "Feature", "properties": {"name": "Rue Saint-Famille", "kind": "residential"}, "geometry": {"type": "Point", "coordinates": [-71.0530902, 48.4264944]}}, {"type": "Feature", "properties": {"name": "Rue Parent", "kind": "residential"}, "geometry": {"type": "Point", "coordinates": [-71.0535595, 48.426142899999995]}}, {"type": "Feature", "properties": {"name": "Rue Lévis", "kind": "residential"}, "geometry": {"type": "Point", "coordinates": [-71.055729, 48.426610400000015]}}, {"type": "Feature", "properties": {"name": "Rue De Verchères", "kind": "residential"}, "geometry": {"type": "Point", "coordinates": [-71.0560238, 48.426885]}}, {"type": "Feature", "properties": {"name": "Ruelle Dubois", "kind": "residential"}, "geometry": {"type": "Point", "coordinates": [-71.0574958, 48.425512700000006]}}, {"type": "Feature", "properties": {"name": "Rue Gauthier", "kind": "residential"}, "geometry": {"type": "Point", "coordinates": [-71.0564497, 48.4251276]}}, {"type": "Feature", "properties": {"name": "Rue Gaudreault", "kind": "residential"}, "geometry": {"type": "Point", "coordinates": [-71.0557137, 48.42554810000001]}}, {"type": "Feature", "properties": {"name": "Rue de l'Hôtel-Dieu", "kind": "residential"}, "geometry": {"type": "Point", "coordinates": [-71.0535682, 48.42738000000001]}}, {"type": "Feature", "properties": {"name": "Rue Saint-Vallier", "kind": "residential"}, "geometry": {"type": "Point", "coordinates": [-71.0503276, 48.42635620000001]}}, {"type": "Feature", "properties": {"name": "Rue Labrecque", "kind": "residential"}, "geometry": {"type": "Point", "coordinates": [-71.0570772, 48.4264374]}}, {"type": "Feature", "properties": {"name": "Rue Bégin", "kind": "tertiary"}, "geometry": {"type": "Point", "coordinates": [-71.0580809, 48.42269739999999]}}, {"type": "Feature", "properties": {"name": "Rue Maltais", "kind": "residential"}, "geometry": {"type": "Point", "coordinates": [-71.0590575, 48.42563150000001]}}, {"type": "Feature", "properties": {"name": "Rue Julien", "kind": "residential"}, "geometry": {"type": "Point", "coordinates": [-71.0663655, 48.427301]}}, {"type": "Feature", "properties": {"name": "Rue Smith Est", "kind": "residential"}, "geometry": {"type": "Point", "coordinates": [-71.0676152, 48.428932800000005]}}, {"type": "Feature", "properties": {"name": "Rue Smith Ouest", "kind": "residential"}, "geometry": {"type": "Point", "coordinates": [-71.0701034, 48.42908560000001]}}, {"type": "Feature", "properties": {"name": "Rue Bécard", "kind": "residential"}, "geometry": {"type": "Point", "coordinates": [-71.0465832, 48.4229658]}}, {"type": "Feature", "properties": {"name": "Rue Salazar", "kind": "residential"}, "geometry": {"type": "Point", "coordinates": [-71.0466604, 48.4233533]}}, {"type": "Feature", "properties": {"name": "Rue Duberger", "kind": "residential"}, "geometry": {"type": "Point", "coordinates": [-71.0486201, 48.42460359999999]}}, {"type": "Feature", "properties": {"name": "Côte de la Terre-Forte", "kind": "residential"}, "geometry": {"type": "Point", "coordinates": [-71.0490099, 48.4237557]}}, {"type": "Feature", "properties": {"name": "Rue du Nouy", "kind": "residential"}, "geometry": {"type": "Point", "coordinates": [-71.0480321, 48.4223276]}}, {"type": "Feature", "properties": {"name": "Rue des Étudiants", "kind": "residential"}, "geometry": {"type": "Point", "coordinates": [-71.0524011, 48.4170976]}}, {"type": "Feature", "properties": {"name": "Rue d'Alma", "kind": "residential"}, "geometry": {"type": "Point", "coordinates": [-71.0507461, 48.4146897]}}, {"type": "Feature", "properties": {"name": "Rue des Hospitalières", "kind": "residential"}, "geometry": {"type": "Point", "coordinates": [-71.0466251, 48.4184385]}}, {"type": "Feature", "properties": {"name": "Rue Huard", "kind": "residential"}, "geometry": {"type": "Point", "coordinates": [-71.0451169, 48.419006200000005]}}, {"type": "Feature", "properties": {"name": "Rue du Père-Lacasse", "kind": "residential"}, "geometry": {"type": "Point", "coordinates": [-71.0463003, 48.4203796]}}, {"type": "Feature", "properties": {"name": "Rue de la Fondation", "kind": "residential"}, "geometry": {"type": "Point", "coordinates": [-71.0539677, 48.417499799999995]}}, {"type": "Feature", "properties": {"name": "Rue de la Fondation", "kind": "residential"}, "geometry": {"type": "Point", "coordinates": [-71.0540096, 48.4175465]}}, {"type": "Feature", "properties": {"name": "Rue de la Fondation", "kind": "residential"}, "geometry": {"type": "Point", "coordinates": [-71.05251, 48.41880550000001]}}, {"type": "Feature", "properties": {"name": "Rue des Peupliers", "kind": "residential"}, "geometry": {"type": "Point", "coordinates": [-71.0621263, 48.42377919999999]}}, {"type": "Feature", "properties": {"name": "Rue Laurier", "kind": "residential"}, "geometry": {"type": "Point", "coordinates": [-71.06109110000001, 48.42422329999999]}}, {"type": "Feature", "properties": {"name": "Rue Newton", "kind": "residential"}, "geometry": {"type": "Point", "coordinates": [-71.0563634, 48.41916169999999]}}, {"type": "Feature", "properties": {"name": "Chemin Saint-Thomas", "kind": "residential"}, "geometry": {"type": "Point", "coordinates": [-71.0568765, 48.4211073]}}, {"type": "Feature", "properties": {"name": "Boulevard Saint-Sacrement", "kind": "residential"}, "geometry": {"type": "Point", "coordinates": [-71.0619988, 48.42267569999999]}}, {"type": "Feature", "properties": {"name": "Rue de la Colline", "kind": "residential"}, "geometry": {"type": "Point", "coordinates": [-71.0618411, 48.42349370000001]}}, {"type": "Feature", "properties": {"name": "Rue Blanchette", "kind": "residential"}, "geometry": {"type": "Point", "coordinates": [-71.0677806, 48.4260157]}}, {"type": "Feature", "properties": {"name": "Rue Lemieux", "kind": "residential"}, "geometry": {"type": "Point", "coordinates": [-71.0668601, 48.42598160000001]}}, {"type": "Feature", "properties": {"name": "Rue Saint-Georges", "kind": "residential"}, "geometry": {"type": "Point", "coordinates": [-71.0699027, 48.42859729999999]}}, {"type": "Feature", "properties": {"name": "Rue Saint-Hubert", "kind": "residential"}, "geometry": {"type": "Point", "coordinates": [-71.0707105, 48.424053799999996]}}, {"type": "Feature", "properties": {"name": "Rue Savard", "kind": "residential"}, "geometry": {"type": "Point", "coordinates": [-71.070424, 48.42616329999999]}}, {"type": "Feature", "properties": {"name": "Rue Petit", "kind": "residential"}, "geometry": {"type": "Point", "coordinates": [-71.0697337, 48.426126]}}, {"type": "Feature", "properties": {"name": "Rue Tremblay", "kind": "residential"}, "geometry": {"type": "Point", "coordinates": [-71.0699736, 48.4233784]}}, {"type": "Feature", "properties": {"name": "Rue Paquet", "kind": "residential"}, "geometry": {"type": "Point", "coordinates": [-71.067309, 48.422056399999995]}}, {"type": "Feature", "properties": {"name": "Rue Coquart", "kind": "residential"}, "geometry": {"type": "Point", "coordinates": [-71.0678901, 48.421755899999994]}}, {"type": "Feature", "properties": {"name": "Rue Lorne Ouest", "kind": "residential"}, "geometry": {"type": "Point", "coordinates": [-71.0705065, 48.4225309]}}, {"type": "Feature", "properties": {"name": "Rue Saint-Vincent", "kind": "residential"}, "geometry": {"type": "Point", "coordinates": [-71.0705511, 48.4222223]}}, {"type": "Feature", "properties": {"name": "Rue de la Terrasse", "kind": "residential"}, "geometry": {"type": "Point", "coordinates": [-71.02426350000002, 48.4260168]}}, {"type": "Feature", "properties": {"name": "Rue du Luberon", "kind": "residential"}, "geometry": {"type": "Point", "coordinates": [-71.0225483, 48.425581]}}, {"type": "Feature", "properties": {"name": "Rue de la Chute", "kind": "residential"}, "geometry": {"type": "Point", "coordinates": [-71.0291812, 48.426220699999995]}}, {"type": "Feature", "properties": {"name": "Chemin du Littoral", "kind": "residential"}, "geometry": {"type": "Point", "coordinates": [-70.9988981, 48.444357400000015]}}, {"type": "Feature", "properties": {"name": "Chemin de l'Estran", "kind": "residential"}, "geometry": {"type": "Point", "coordinates": [-70.9938876, 48.445171900000005]}}, {"type": "Feature", "properties": {"name": "Boulevard Renaud", "kind": "residential"}, "geometry": {"type": "Point", "coordinates": [-71.0182416, 48.434811700000004]}}, {"type": "Feature", "properties": {"name": "Rue des Frênes", "kind": "residential"}, "geometry": {"type": "Point", "coordinates": [-71.02679600000002, 48.43048189999999]}}, {"type": "Feature", "properties": {"name": "Rue Théodore-Côté", "kind": "residential"}, "geometry": {"type": "Point", "coordinates": [-71.0248433, 48.43168239999998]}}, {"type": "Feature", "properties": {"name": "Rue Renaud", "kind": "residential"}, "geometry": {"type": "Point", "coordinates": [-71.0264902, 48.43233829999999]}}, {"type": "Feature", "properties": {"name": "Rue du Parc", "kind": "residential"}, "geometry": {"type": "Point", "coordinates": [-71.0259501, 48.430997]}}, {"type": "Feature", "properties": {"name": "Rue de Bretagne", "kind": "residential"}, "geometry": {"type": "Point", "coordinates": [-71.021119, 48.43054519999998]}}, {"type": "Feature", "properties": {"name": "Rue du Perche", "kind": "residential"}, "geometry": {"type": "Point", "coordinates": [-71.0205423, 48.43196530000001]}}, {"type": "Feature", "properties": {"name": "Rue du Poitou", "kind": "residential"}, "geometry": {"type": "Point", "coordinates": [-71.0192814, 48.432310099999995]}}, {"type": "Feature", "properties": {"name": "Rue de Nantes", "kind": "residential"}, "geometry": {"type": "Point", "coordinates": [-71.0180567, 48.43239680000001]}}, {"type": "Feature", "properties": {"name": "Rue de Vendée", "kind": "residential"}, "geometry": {"type": "Point", "coordinates": [-71.0223024, 48.43438020000001]}}, {"type": "Feature", "properties": {"name": "Rue des Cèdres", "kind": "residential"}, "geometry": {"type": "Point", "coordinates": [-71.0213635, 48.4293057]}}, {"type": "Feature", "properties": {"name": "Rue de Normandie", "kind": "residential"}, "geometry": {"type": "Point", "coordinates": [-71.02073680000001, 48.42909859999999]}}, {"type": "Feature", "properties": {"name": "Rue des Pins", "kind": "residential"}, "geometry": {"type": "Point", "coordinates": [-71.0185192, 48.4274194]}}, {"type": "Feature", "properties": {"name": "Rue des Érables", "kind": "residential"}, "geometry": {"type": "Point", "coordinates": [-71.0223965, 48.4284306]}}, {"type": "Feature", "properties": {"name": "Rue des Cerisiers", "kind": "residential"}, "geometry": {"type": "Point", "coordinates": [-71.0225329, 48.4285375]}}, {"type": "Feature", "properties": {"name": "Rue des Tilleuls", "kind": "residential"}, "geometry": {"type": "Point", "coordinates": [-71.0202467, 48.42765140000001]}}, {"type": "Feature", "properties": {"name": "Rue de Brouage", "kind": "residential"}, "geometry": {"type": "Point", "coordinates": [-71.0185944, 48.426856900000004]}}, {"type": "Feature", "properties": {"name": "Rue de Honfleur", "kind": "residential"}, "geometry": {"type": "Point", "coordinates": [-71.0170495, 48.429835600000004]}}, {"type": "Feature", "properties": {"name": "Rue des Cormiers", "kind": "residential"}, "geometry": {"type": "Point", "coordinates": [-71.0171394, 48.428653400000016]}}, {"type": "Feature", "properties": {"name": "Rue des Ormes", "kind": "residential"}, "geometry": {"type": "Point", "coordinates": [-71.0225825, 48.4297864]}}, {"type": "Feature", "properties": {"name": "Rue d'Aunis", "kind": "residential"}, "geometry": {"type": "Point", "coordinates": [-71.0224456, 48.4313856]}}, {"type": "Feature", "properties": {"name": "Rue de Paris", "kind": "residential"}, "geometry": {"type": "Point", "coordinates": [-71.0211781, 48.42899040000001]}}, {"type": "Feature", "properties": {"name": "Rue de Normandie", "kind": "residential"}, "geometry": {"type": "Point", "coordinates": [-71.0205003, 48.42883699999999]}}, {"type": "Feature", "properties": {"name": "Rue de la Rochelle", "kind": "residential"}, "geometry": {"type": "Point", "coordinates": [-71.0180837, 48.430114599999996]}}, {"type": "Feature", "properties": {"name": "Rue du Bois-Joli", "kind": "residential"}, "geometry": {"type": "Point", "coordinates": [-71.0288662, 48.42889610000001]}}, {"type": "Feature", "properties": {"name": "Rue Arthur-Hamel", "kind": "residential"}, "geometry": {"type": "Point", "coordinates": [-71.0273115, 48.4283408]}}, {"type": "Feature", "properties": {"name": "Rue Saint-Isidore", "kind": "residential"}, "geometry": {"type": "Point", "coordinates": [-71.0315128, 48.430408799999995]}}, {"type": "Feature", "properties": {"name": "Rue King", "kind": "residential"}, "geometry": {"type": "Point", "coordinates": [-71.0316988, 48.4302632]}}, {"type": "Feature", "properties": {"name": "Rue Saint-Thimothée", "kind": "residential"}, "geometry": {"type": "Point", "coordinates": [-71.0256598, 48.4272184]}}, {"type": "Feature", "properties": {"name": "Rue du Père-Honorat", "kind": "residential"}, "geometry": {"type": "Point", "coordinates": [-71.0271643, 48.42786770000001]}}, {"type": "Feature", "properties": {"name": "Rue du Bon-Conseil", "kind": "residential"}, "geometry": {"type": "Point", "coordinates": [-71.0434884, 48.4283359]}}, {"type": "Feature", "properties": {"name": "Rue Jacques-Bacon", "kind": "residential"}, "geometry": {"type": "Point", "coordinates": [-71.0325198, 48.43039809999999]}}, {"type": "Feature", "properties": {"name": "Rue du Lavandou", "kind": "residential"}, "geometry": {"type": "Point", "coordinates": [-71.0217811, 48.42295]}}, {"type": "Feature", "properties": {"name": "Rue du Père-Fiset", "kind": "residential"}, "geometry": {"type": "Point", "coordinates": [-71.0230497, 48.42351529999999]}}, {"type": "Feature", "properties": {"name": "Rue du Père-Garin", "kind": "residential"}, "geometry": {"type": "Point", "coordinates": [-71.02352650000002, 48.4242491]}}, {"type": "Feature", "properties": {"name": "Ruelle Raymond", "kind": "residential"}, "geometry": {"type": "Point", "coordinates": [-71.0273314, 48.42459520000001]}}, {"type": "Feature", "properties": {"name": "Rue McNicoll", "kind": "residential"}, "geometry": {"type": "Point", "coordinates": [-71.0253661, 48.42093360000001]}}, {"type": "Feature", "properties": {"name": "Rue Therrien", "kind": "residential"}, "geometry": {"type": "Point", "coordinates": [-71.0256605, 48.4218088]}}, {"type": "Feature", "properties": {"name": "Rue Couturier", "kind": "residential"}, "geometry": {"type": "Point", "coordinates": [-71.0242903, 48.422237499999994]}}, {"type": "Feature", "properties": {"name": "Rue de Roussillon", "kind": "residential"}, "geometry": {"type": "Point", "coordinates": [-71.0210044, 48.42260079999999]}}, {"type": "Feature", "properties": {"name": "Rue Honoré-Mercier", "kind": "residential"}, "geometry": {"type": "Point", "coordinates": [-71.0265146, 48.422257800000004]}}, {"type": "Feature", "properties": {"name": "Rue Ferland", "kind": "residential"}, "geometry": {"type": "Point", "coordinates": [-71.0254744, 48.423780400000005]}}, {"type": "Feature", "properties": {"name": "Rue Jeanne-Le Ber", "kind": "residential"}, "geometry": {"type": "Point", "coordinates": [-71.027178, 48.42334180000001]}}, {"type": "Feature", "properties": {"name": "Rue Laberge", "kind": "residential"}, "geometry": {"type": "Point", "coordinates": [-71.0276995, 48.42249449999999]}}, {"type": "Feature", "properties": {"name": "Rue Marie-Rollet", "kind": "residential"}, "geometry": {"type": "Point", "coordinates": [-71.027422, 48.4235217]}}, {"type": "Feature", "properties": {"name": "Rue de Provence", "kind": "residential"}, "geometry": {"type": "Point", "coordinates": [-71.0219682, 48.42104939999999]}}, {"type": "Feature", "properties": {"name": "Rue Fradette", "kind": "residential"}, "geometry": {"type": "Point", "coordinates": [-71.0257019, 48.42186369999999]}}, {"type": "Feature", "properties": {"name": "Rue Pilote", "kind": "residential"}, "geometry": {"type": "Point", "coordinates": [-71.0247935, 48.421853500000005]}}, {"type": "Feature", "properties": {"name": "Rue Monseigneur-Laflamme", "kind": "residential"}, "geometry": {"type": "Point", "coordinates": [-71.0245229, 48.42062790000001]}}, {"type": "Feature", "properties": {"name": "Rue Desbiens", "kind": "residential"}, "geometry": {"type": "Point", "coordinates": [-71.0263604, 48.4201633]}}, {"type": "Feature", "properties": {"name": "Rue de Gascogne", "kind": "residential"}, "geometry": {"type": "Point", "coordinates": [-71.0233587, 48.4192815]}}, {"type": "Feature", "properties": {"name": "Rue du Languedoc", "kind": "residential"}, "geometry": {"type": "Point", "coordinates": [-71.0239063, 48.4193283]}}, {"type": "Feature", "properties": {"name": "Rue d'Auteuil", "kind": "residential"}, "geometry": {"type": "Point", "coordinates": [-71.0239671, 48.4186391]}}, {"type": "Feature", "properties": {"name": "Rue Paul Morand", "kind": "residential"}, "geometry": {"type": "Point", "coordinates": [-71.0934175, 48.3974996]}}, {"type": "Feature", "properties": {"name": "Rue Rabelais", "kind": "residential"}, "geometry": {"type": "Point", "coordinates": [-71.0894876, 48.39662100000001]}}, {"type": "Feature", "properties": {"name": "Boulevard Sainte-Geneviève", "kind": "primary"}, "geometry": {"type": "Point", "coordinates": [-71.0688514, 48.43833099999999]}}, {"type": "Feature", "properties": {"name": "Pont Dubuc", "kind": "primary"}, "geometry": {"type": "Point", "coordinates": [-71.0718482, 48.43003060000001]}}, {"type": "Feature", "properties": {"name": "Boulevard de Tadoussac", "kind": "primary"}, "geometry": {"type": "Point", "coordinates": [-71.0636821, 48.43688149999999]}}, {"type": "Feature", "properties": {"name": "Boulevard Sainte-Geneviève", "kind": "primary"}, "geometry": {"type": "Point", "coordinates": [-71.0684623, 48.43766279999999]}}, {"type": "Feature", "properties": {"name": "Boulevard Sainte-Geneviève", "kind": "primary"}, "geometry": {"type": "Point", "coordinates": [-71.0682828, 48.4375096]}}, {"type": "Feature", "properties": {"name": "Boulevard Sainte-Geneviève", "kind": "primary"}, "geometry": {"type": "Point", "coordinates": [-71.0684258, 48.436591299999996]}}, {"type": "Feature", "properties": {"name": "Boulevard Sainte-Geneviève", "kind": "primary"}, "geometry": {"type": "Point", "coordinates": [-71.0683178, 48.4365743]}}, {"type": "Feature", "properties": {"name": "Boulevard Sainte-Geneviève", "kind": "primary"}, "geometry": {"type": "Point", "coordinates": [-71.0682269, 48.437042999999996]}}, {"type": "Feature", "properties": {"name": "Boulevard Sainte-Geneviève", "kind": "primary"}, "geometry": {"type": "Point", "coordinates": [-71.0689607, 48.43531689999999]}}, {"type": "Feature", "properties": {"name": "Boulevard Sainte-Geneviève", "kind": "primary"}, "geometry": {"type": "Point", "coordinates": [-71.0686203, 48.436167]}}, {"type": "Feature", "properties": {"name": "Boulevard Sainte-Geneviève", "kind": "primary"}, "geometry": {"type": "Point", "coordinates": [-71.0841267, 48.4476727]}}, {"type": "Feature", "properties": {"name": "Rue du Pont", "kind": "tertiary"}, "geometry": {"type": "Point", "coordinates": [-71.0674336, 48.43596829999999]}}, {"type": "Feature", "properties": {"name": "Boulevard Sainte-Geneviève", "kind": "primary"}, "geometry": {"type": "Point", "coordinates": [-71.0683672, 48.437387300000005]}}, {"type": "Feature", "properties": {"name": "Boulevard Sainte-Geneviève", "kind": "primary"}, "geometry": {"type": "Point", "coordinates": [-71.0695663, 48.439075300000006]}}, {"type": "Feature", "properties": {"name": "Boulevard Saint-Paul", "kind": "primary"}, "geometry": {"type": "Point", "coordinates": [-71.0720417, 48.423759200000006]}}, {"type": "Feature", "properties": {"name": "Boulevard de l'Université", "kind": "primary"}, "geometry": {"type": "Point", "coordinates": [-71.0686067, 48.42140570000001]}}, {"type": "Feature", "properties": {"name": "Boulevard Saint-Paul", "kind": "secondary"}, "geometry": {"type": "Point", "coordinates": [-71.0811776, 48.41632179999999]}}, {"type": "Feature", "properties": {"name": "Boulevard Saint-Paul", "kind": "secondary"}, "geometry": {"type": "Point", "coordinates": [-71.0887388, 48.41065920000001]}}, {"type": "Feature", "properties": {"name": "Boulevard Saint-Paul", "kind": "primary"}, "geometry": {"type": "Point", "coordinates": [-71.0722572, 48.429020099999995]}}, {"type": "Feature", "properties": {"name": "Rue Price Ouest", "kind": "tertiary"}, "geometry": {"type": "Point", "coordinates": [-71.0778654, 48.428496900000006]}}, {"type": "Feature", "properties": {"name": "Boulevard Saint-Paul", "kind": "primary"}, "geometry": {"type": "Point", "coordinates": [-71.072, 48.42623429999999]}}, {"type": "Feature", "properties": {"name": "Boulevard Saint-Paul", "kind": "primary"}, "geometry": {"type": "Point", "coordinates": [-71.0725804, 48.4238831]}}, {"type": "Feature", "properties": {"name": "Rue Price Ouest", "kind": "secondary"}, "geometry": {"type": "Point", "coordinates": [-71.0720131, 48.425600100000004]}}, {"type": "Feature", "properties": {"name": "Boulevard du Saguenay Ouest", "kind": "secondary"}, "geometry": {"type": "Point", "coordinates": [-71.0838964, 48.432125199999994]}}, {"type": "Feature", "properties": {"name": "Pont Dubuc", "kind": "primary"}, "geometry": {"type": "Point", "coordinates": [-71.0692948, 48.434991899999986]}}, {"type": "Feature", "properties": {"name": "Rue Bégin", "kind": "tertiary"}, "geometry": {"type": "Point", "coordinates": [-71.0808529, 48.39841380000001]}}, {"type": "Feature", "properties": {"name": "Rue Ballantyne", "kind": "residential"}, "geometry": {"type": "Point", "coordinates": [-71.0776388, 48.4053886]}}, {"type": "Feature", "properties": {"name": "Rue Jolliet", "kind": "residential"}, "geometry": {"type": "Point", "coordinates": [-71.0754479, 48.4101542]}}, {"type": "Feature", "properties": {"name": "Rue du Cran", "kind": "residential"}, "geometry": {"type": "Point", "coordinates": [-71.0775864, 48.4083925]}}, {"type": "Feature", "properties": {"name": "Rue Garnier", "kind": "residential"}, "geometry": {"type": "Point", "coordinates": [-71.080924, 48.4117041]}}, {"type": "Feature", "properties": {"name": "Rue Bégin", "kind": "tertiary"}, "geometry": {"type": "Point", "coordinates": [-71.0623508, 48.418414]}}, {"type": "Feature", "properties": {"name": "Rue d'Angoulème", "kind": "residential"}, "geometry": {"type": "Point", "coordinates": [-71.0709495, 48.40862]}}, {"type": "Feature", "properties": {"name": "Rue Roy", "kind": "residential"}, "geometry": {"type": "Point", "coordinates": [-71.0764517, 48.4100294]}}, {"type": "Feature", "properties": {"name": "Rue Marquette", "kind": "residential"}, "geometry": {"type": "Point", "coordinates": [-71.0767325, 48.41164700000001]}}, {"type": "Feature", "properties": {"name": "Boulevard Barrette", "kind": "secondary"}, "geometry": {"type": "Point", "coordinates": [-71.0812452, 48.39776420000001]}}, {"type": "Feature", "properties": {"name": "Rue Jolliet", "kind": "residential"}, "geometry": {"type": "Point", "coordinates": [-71.0692279, 48.41630349999999]}}, {"type": "Feature", "properties": {"name": "Rue Jolliet", "kind": "residential"}, "geometry": {"type": "Point", "coordinates": [-71.072003, 48.4200098]}}, {"type": "Feature", "properties": {"name": "Rue Victor-Guimond", "kind": "residential"}, "geometry": {"type": "Point", "coordinates": [-71.0867774, 48.404410100000014]}}, {"type": "Feature", "properties": {"name": "Rue Verlaine", "kind": "residential"}, "geometry": {"type": "Point", "coordinates": [-71.0906076, 48.40199479999999]}}, {"type": "Feature", "properties": {"name": "Rue Descartes", "kind": "residential"}, "geometry": {"type": "Point", "coordinates": [-71.0899805, 48.4071323]}}, {"type": "Feature", "properties": {"name": "Rue Voltaire", "kind": "residential"}, "geometry": {"type": "Point", "coordinates": [-71.0929032, 48.40500920000001]}}, {"type": "Feature", "properties": {"name": "Rue Baudelaire", "kind": "residential"}, "geometry": {"type": "Point", "coordinates": [-71.0917486, 48.4039511]}}, {"type": "Feature", "properties": {"name": "Rue Grimm", "kind": "residential"}, "geometry": {"type": "Point", "coordinates": [-71.0887783, 48.4061971]}}, {"type": "Feature", "properties": {"name": "Rue Hémingway", "kind": "residential"}, "geometry": {"type": "Point", "coordinates": [-71.0909511, 48.4045129]}}, {"type": "Feature", "properties": {"name": "Rue Boily", "kind": "residential"}, "geometry": {"type": "Point", "coordinates": [-71.0777379, 48.4141727]}}, {"type": "Feature", "properties": {"name": "Rue Montmagny", "kind": "residential"}, "geometry": {"type": "Point", "coordinates": [-71.07859, 48.41319570000001]}}, {"type": "Feature", "properties": {"name": "Rue Pouliot", "kind": "residential"}, "geometry": {"type": "Point", "coordinates": [-71.0803754, 48.41311160000001]}}, {"type": "Feature", "properties": {"name": "Rue Légaré", "kind": "residential"}, "geometry": {"type": "Point", "coordinates": [-71.0820599, 48.41239090000001]}}, {"type": "Feature", "properties": {"name": "Rue Courtois", "kind": "residential"}, "geometry": {"type": "Point", "coordinates": [-71.0797965, 48.413531]}}, {"type": "Feature", "properties": {"name": "Rue Louis Fréchette", "kind": "residential"}, "geometry": {"type": "Point", "coordinates": [-71.0807963, 48.41335599999999]}}, {"type": "Feature", "properties": {"name": "Rue Henri Bourassa", "kind": "residential"}, "geometry": {"type": "Point", "coordinates": [-71.0753786, 48.41338759999999]}}, {"type": "Feature", "properties": {"name": "Rue Couture", "kind": "residential"}, "geometry": {"type": "Point", "coordinates": [-71.0726377, 48.41454830000001]}}, {"type": "Feature", "properties": {"name": "Rue Thomas Duperré", "kind": "residential"}, "geometry": {"type": "Point", "coordinates": [-71.0754254, 48.41436169999999]}}, {"type": "Feature", "properties": {"name": "Rue Des Oblats Est", "kind": "residential"}, "geometry": {"type": "Point", "coordinates": [-71.0719008, 48.415500900000005]}}, {"type": "Feature", "properties": {"name": "Rue Duvernay", "kind": "residential"}, "geometry": {"type": "Point", "coordinates": [-71.0730683, 48.4139162]}}, {"type": "Feature", "properties": {"name": "Rue Villeneuve", "kind": "residential"}, "geometry": {"type": "Point", "coordinates": [-71.0721869, 48.4145395]}}, {"type": "Feature", "properties": {"name": "Rue McLaren", "kind": "residential"}, "geometry": {"type": "Point", "coordinates": [-71.0734207, 48.41585779999999]}}, {"type": "Feature", "properties": {"name": "Rue Jauffret", "kind": "residential"}, "geometry": {"type": "Point", "coordinates": [-71.0708549, 48.4160549]}}, {"type": "Feature", "properties": {"name": "Rue Des Eudistes", "kind": "residential"}, "geometry": {"type": "Point", "coordinates": [-71.0732667, 48.418363000000014]}}, {"type": "Feature", "properties": {"name": "Rue Caron", "kind": "residential"}, "geometry": {"type": "Point", "coordinates": [-71.0747639, 48.4190728]}}, {"type": "Feature", "properties": {"name": "Rue Chauvin", "kind": "residential"}, "geometry": {"type": "Point", "coordinates": [-71.0751129, 48.41765229999999]}}, {"type": "Feature", "properties": {"name": "Rue Laviolette", "kind": "residential"}, "geometry": {"type": "Point", "coordinates": [-71.0742531, 48.4184836]}}, {"type": "Feature", "properties": {"name": "Rue Laval", "kind": "residential"}, "geometry": {"type": "Point", "coordinates": [-71.07337580000001, 48.41874390000002]}}, {"type": "Feature", "properties": {"name": "Rue Saint-Henri", "kind": "residential"}, "geometry": {"type": "Point", "coordinates": [-71.0761987, 48.41826129999998]}}, {"type": "Feature", "properties": {"name": "Rue Taché", "kind": "residential"}, "geometry": {"type": "Point", "coordinates": [-71.0782281, 48.420059300000005]}}, {"type": "Feature", "properties": {"name": "Rue Saint-Jean", "kind": "residential"}, "geometry": {"type": "Point", "coordinates": [-71.0796165, 48.41864249999999]}}, {"type": "Feature", "properties": {"name": "Rue Taché", "kind": "residential"}, "geometry": {"type": "Point", "coordinates": [-71.0768773, 48.4212914]}}, {"type": "Feature", "properties": {"name": "Rue Saint-Arthur", "kind": "residential"}, "geometry": {"type": "Point", "coordinates": [-71.0808187, 48.418711200000004]}}, {"type": "Feature", "properties": {"name": "Rue Cimon", "kind": "residential"}, "geometry": {"type": "Point", "coordinates": [-71.0812228, 48.41796170000001]}}, {"type": "Feature", "properties": {"name": "Rue Saint-Paul", "kind": "residential"}, "geometry": {"type": "Point", "coordinates": [-71.079942, 48.4175957]}}, {"type": "Feature", "properties": {"name": "Rue Saint-Augustin", "kind": "residential"}, "geometry": {"type": "Point", "coordinates": [-71.0855277, 48.41406229999999]}}, {"type": "Feature", "properties": {"name": "Rue Brébeuf", "kind": "residential"}, "geometry": {"type": "Point", "coordinates": [-71.0861405, 48.41440200000001]}}, {"type": "Feature", "properties": {"name": "Rue Sainte-Thérèse", "kind": "residential"}, "geometry": {"type": "Point", "coordinates": [-71.0848242, 48.41497350000001]}}, {"type": "Feature", "properties": {"name": "Rue Nio", "kind": "residential"}, "geometry": {"type": "Point", "coordinates": [-71.0822813, 48.4162537]}}, {"type": "Feature", "properties": {"name": "Rue Comeau", "kind": "residential"}, "geometry": {"type": "Point", "coordinates": [-71.0844257, 48.41574019999999]}}, {"type": "Feature", "properties": {"name": "Rue Saint-Gabriel", "kind": "residential"}, "geometry": {"type": "Point", "coordinates": [-71.0826935, 48.416040399999986]}}, {"type": "Feature", "properties": {"name": "Rue Garneau", "kind": "residential"}, "geometry": {"type": "Point", "coordinates": [-71.0835078, 48.4171425]}}, {"type": "Feature", "properties": {"name": "Rue la Brosse", "kind": "residential"}, "geometry": {"type": "Point", "coordinates": [-71.085488, 48.412202599999986]}}, {"type": "Feature", "properties": {"name": "Rue Perreault", "kind": "residential"}, "geometry": {"type": "Point", "coordinates": [-71.0839307, 48.4055939]}}, {"type": "Feature", "properties": {"name": "Rue Molière", "kind": "residential"}, "geometry": {"type": "Point", "coordinates": [-71.0869436, 48.406209]}}, {"type": "Feature", "properties": {"name": "Rue Jules -Verne", "kind": "residential"}, "geometry": {"type": "Point", "coordinates": [-71.0881849, 48.403451200000006]}}, {"type": "Feature", "properties": {"name": "Rue Yves Thériault", "kind": "residential"}, "geometry": {"type": "Point", "coordinates": [-71.0846182, 48.40124]}}, {"type": "Feature", "properties": {"name": "Rue Émile-Nelligan", "kind": "residential"}, "geometry": {"type": "Point", "coordinates": [-71.0805298, 48.404853800000005]}}, {"type": "Feature", "properties": {"name": "Rue Sagan", "kind": "residential"}, "geometry": {"type": "Point", "coordinates": [-71.0908605, 48.39927210000001]}}, {"type": "Feature", "properties": {"name": "Rue Balzac", "kind": "residential"}, "geometry": {"type": "Point", "coordinates": [-71.09103010000001, 48.40013259999998]}}, {"type": "Feature", "properties": {"name": "Rue De Musset", "kind": "residential"}, "geometry": {"type": "Point", "coordinates": [-71.0927983, 48.39928559999999]}}, {"type": "Feature", "properties": {"name": "Rue George Sand", "kind": "residential"}, "geometry": {"type": "Point", "coordinates": [-71.0914834, 48.3994099]}}, {"type": "Feature", "properties": {"name": "Rue Colette", "kind": "residential"}, "geometry": {"type": "Point", "coordinates": [-71.0897284, 48.39924630000001]}}, {"type": "Feature", "properties": {"name": "Rue Dumas", "kind": "residential"}, "geometry": {"type": "Point", "coordinates": [-71.0907927, 48.398692100000005]}}, {"type": "Feature", "properties": {"name": "Rue Malherbe", "kind": "residential"}, "geometry": {"type": "Point", "coordinates": [-71.0878168, 48.3982373]}}, {"type": "Feature", "properties": {"name": "Croissant Rabelais", "kind": "residential"}, "geometry": {"type": "Point", "coordinates": [-71.0947043, 48.39750719999999]}}, {"type": "Feature", "properties": {"name": "Rue Antonin-Artaud", "kind": "residential"}, "geometry": {"type": "Point", "coordinates": [-71.0899625, 48.39656539999999]}}, {"type": "Feature", "properties": {"name": "Rue Flaubert", "kind": "residential"}, "geometry": {"type": "Point", "coordinates": [-71.0785493, 48.3954631]}}, {"type": "Feature", "properties": {"name": "Rue des Presses", "kind": "residential"}, "geometry": {"type": "Point", "coordinates": [-71.0945799, 48.409808000000005]}}, {"type": "Feature", "properties": {"name": "Rue de l'Estacade", "kind": "residential"}, "geometry": {"type": "Point", "coordinates": [-71.0929764, 48.410774200000006]}}, {"type": "Feature", "properties": {"name": "Rue des Vannes", "kind": "residential"}, "geometry": {"type": "Point", "coordinates": [-71.0917188, 48.41144549999999]}}, {"type": "Feature", "properties": {"name": "Rue des Draveurs", "kind": "residential"}, "geometry": {"type": "Point", "coordinates": [-71.0962051, 48.409450899999996]}}, {"type": "Feature", "properties": {"name": "Rue des Presses", "kind": "residential"}, "geometry": {"type": "Point", "coordinates": [-71.0961116, 48.410638]}}, {"type": "Feature", "properties": {"name": "Rue des Défibreurs", "kind": "residential"}, "geometry": {"type": "Point", "coordinates": [-71.0989815, 48.40752640000001]}}, {"type": "Feature", "properties": {"name": "Rue de l'Ecluse", "kind": "residential"}, "geometry": {"type": "Point", "coordinates": [-71.0988396, 48.40568340000001]}}, {"type": "Feature", "properties": {"name": "Rue Félix-Leclerc", "kind": "residential"}, "geometry": {"type": "Point", "coordinates": [-71.0786939, 48.4040118]}}, {"type": "Feature", "properties": {"name": "Rue de Château-Richer", "kind": "residential"}, "geometry": {"type": "Point", "coordinates": [-71.0768044, 48.4030686]}}, {"type": "Feature", "properties": {"name": "Rue Monfette", "kind": "residential"}, "geometry": {"type": "Point", "coordinates": [-71.0753184, 48.40251710000001]}}, {"type": "Feature", "properties": {"name": "Rue Saint-Urbain", "kind": "residential"}, "geometry": {"type": "Point", "coordinates": [-71.0738081, 48.401967600000006]}}, {"type": "Feature", "properties": {"name": "Rue des Vingt-et-Un", "kind": "residential"}, "geometry": {"type": "Point", "coordinates": [-71.0761244, 48.3991258]}}, {"type": "Feature", "properties": {"name": "Rue de la Place Royale", "kind": "residential"}, "geometry": {"type": "Point", "coordinates": [-71.0754717, 48.400333200000006]}}, {"type": "Feature", "properties": {"name": "Rue de Crespieul", "kind": "residential"}, "geometry": {"type": "Point", "coordinates": [-71.075742, 48.3997802]}}, {"type": "Feature", "properties": {"name": "Rue Charles-Bazire", "kind": "residential"}, "geometry": {"type": "Point", "coordinates": [-71.0773159, 48.3998701]}}, {"type": "Feature", "properties": {"name": "Rue de l'Intendant", "kind": "residential"}, "geometry": {"type": "Point", "coordinates": [-71.0738269, 48.4010439]}}, {"type": "Feature", "properties": {"name": "Rue Des Gouverneurs", "kind": "residential"}, "geometry": {"type": "Point", "coordinates": [-71.0728793, 48.4005823]}}, {"type": "Feature", "properties": {"name": "Rue Jean-de Lauzon", "kind": "residential"}, "geometry": {"type": "Point", "coordinates": [-71.0743206, 48.3990931]}}, {"type": "Feature", "properties": {"name": "Rue Des Explorateurs", "kind": "residential"}, "geometry": {"type": "Point", "coordinates": [-71.072008, 48.399807699999975]}}, {"type": "Feature", "properties": {"name": "Rue du Domaine-du-Roi", "kind": "residential"}, "geometry": {"type": "Point", "coordinates": [-71.0788509, 48.39813230000001]}}, {"type": "Feature", "properties": {"name": "Rue des Cent-Associés", "kind": "residential"}, "geometry": {"type": "Point", "coordinates": [-71.0762938, 48.397540799999994]}}, {"type": "Feature", "properties": {"name": "Rue Marcel-Portal", "kind": "residential"}, "geometry": {"type": "Point", "coordinates": [-71.0863723, 48.3982965]}}, {"type": "Feature", "properties": {"name": "Rue Montaigne", "kind": "residential"}, "geometry": {"type": "Point", "coordinates": [-71.0870606, 48.39772270000001]}}, {"type": "Feature", "properties": {"name": "Rue Maupassant", "kind": "residential"}, "geometry": {"type": "Point", "coordinates": [-71.0849036, 48.396921800000015]}}, {"type": "Feature", "properties": {"name": "Rue Garon", "kind": "residential"}, "geometry": {"type": "Point", "coordinates": [-71.0747992, 48.40518300000001]}}, {"type": "Feature", "properties": {"name": "Rue R. E. Joron", "kind": "residential"}, "geometry": {"type": "Point", "coordinates": [-71.0729825, 48.40557119999999]}}, {"type": "Feature", "properties": {"name": "Place de Chande", "kind": "residential"}, "geometry": {"type": "Point", "coordinates": [-71.0730021, 48.407005000000005]}}, {"type": "Feature", "properties": {"name": "Place des Écorceurs", "kind": "residential"}, "geometry": {"type": "Point", "coordinates": [-71.0725757, 48.4094711]}}, {"type": "Feature", "properties": {"name": "Rue Don-Bosco", "kind": "residential"}, "geometry": {"type": "Point", "coordinates": [-71.0650444, 48.408610100000004]}}, {"type": "Feature", "properties": {"name": "Rue Duchesne", "kind": "residential"}, "geometry": {"type": "Point", "coordinates": [-71.0644905, 48.407211]}}, {"type": "Feature", "properties": {"name": "Rue Duhaime", "kind": "residential"}, "geometry": {"type": "Point", "coordinates": [-71.0660985, 48.40870259999998]}}, {"type": "Feature", "properties": {"name": "Rue Vilmont-Fortin", "kind": "residential"}, "geometry": {"type": "Point", "coordinates": [-71.0685101, 48.4090882]}}, {"type": "Feature", "properties": {"name": "Rue Côté", "kind": "residential"}, "geometry": {"type": "Point", "coordinates": [-71.0637182, 48.4070634]}}, {"type": "Feature", "properties": {"name": "Rue Des Jésuites", "kind": "residential"}, "geometry": {"type": "Point", "coordinates": [-71.0679692, 48.4044665]}}, {"type": "Feature", "properties": {"name": "Rue Hélène Boulé", "kind": "residential"}, "geometry": {"type": "Point", "coordinates": [-71.0691332, 48.40623810000001]}}, {"type": "Feature", "properties": {"name": "Rue Louis-Francoeur", "kind": "residential"}, "geometry": {"type": "Point", "coordinates": [-71.0675856, 48.406725099999996]}}, {"type": "Feature", "properties": {"name": "Rue Olivar-Asselin", "kind": "residential"}, "geometry": {"type": "Point", "coordinates": [-71.0672798, 48.4053781]}}, {"type": "Feature", "properties": {"name": "Rue Jean Bourdon", "kind": "residential"}, "geometry": {"type": "Point", "coordinates": [-71.0681474, 48.40579080000001]}}, {"type": "Feature", "properties": {"name": "Rue Des Éboulements", "kind": "residential"}, "geometry": {"type": "Point", "coordinates": [-71.0710443, 48.40393960000001]}}, {"type": "Feature", "properties": {"name": "Rue Des Éboulements", "kind": "residential"}, "geometry": {"type": "Point", "coordinates": [-71.0715915, 48.4032627]}}, {"type": "Feature", "properties": {"name": "Rue Saint-Siméon", "kind": "residential"}, "geometry": {"type": "Point", "coordinates": [-71.0683637, 48.40311380000001]}}, {"type": "Feature", "properties": {"name": "Rue de La Malbaie", "kind": "residential"}, "geometry": {"type": "Point", "coordinates": [-71.069667, 48.4041552]}}, {"type": "Feature", "properties": {"name": "Rue de Clermont", "kind": "residential"}, "geometry": {"type": "Point", "coordinates": [-71.0692447, 48.4029573]}}, {"type": "Feature", "properties": {"name": "Rue de Saint-Irénée", "kind": "residential"}, "geometry": {"type": "Point", "coordinates": [-71.0672517, 48.4029225]}}, {"type": "Feature", "properties": {"name": "Rue Des Maristes", "kind": "residential"}, "geometry": {"type": "Point", "coordinates": [-71.0658072, 48.401611]}}, {"type": "Feature", "properties": {"name": "Rue Berthiaume", "kind": "residential"}, "geometry": {"type": "Point", "coordinates": [-71.0654658, 48.404817900000005]}}, {"type": "Feature", "properties": {"name": "Rue Belleau", "kind": "residential"}, "geometry": {"type": "Point", "coordinates": [-71.0625582, 48.408961500000004]}}, {"type": "Feature", "properties": {"name": "Rue Bizet", "kind": "residential"}, "geometry": {"type": "Point", "coordinates": [-71.0601948, 48.40842060000001]}}, {"type": "Feature", "properties": {"name": "Rue Ducharme", "kind": "residential"}, "geometry": {"type": "Point", "coordinates": [-71.0612931, 48.40854259999998]}}, {"type": "Feature", "properties": {"name": "Rue Létondal", "kind": "residential"}, "geometry": {"type": "Point", "coordinates": [-71.061061, 48.40965210000001]}}, {"type": "Feature", "properties": {"name": "Rue Goulet", "kind": "residential"}, "geometry": {"type": "Point", "coordinates": [-71.06046420000001, 48.406798599999995]}}, {"type": "Feature", "properties": {"name": "Rue Plamondon", "kind": "residential"}, "geometry": {"type": "Point", "coordinates": [-71.0578866, 48.40872660000001]}}, {"type": "Feature", "properties": {"name": "Rue Ravel", "kind": "residential"}, "geometry": {"type": "Point", "coordinates": [-71.0595171, 48.407860699999986]}}, {"type": "Feature", "properties": {"name": "Rue Bach", "kind": "residential"}, "geometry": {"type": "Point", "coordinates": [-71.0610202, 48.40490700000001]}}, {"type": "Feature", "properties": {"name": "Rue Georges-Vanier", "kind": "residential"}, "geometry": {"type": "Point", "coordinates": [-71.0668127, 48.412190900000006]}}, {"type": "Feature", "properties": {"name": "Rue de Longchamp", "kind": "residential"}, "geometry": {"type": "Point", "coordinates": [-71.0616035, 48.4124522]}}, {"type": "Feature", "properties": {"name": "Rue du Carrousel", "kind": "residential"}, "geometry": {"type": "Point", "coordinates": [-71.0618396, 48.411765499999994]}}, {"type": "Feature", "properties": {"name": "Rue Albani", "kind": "residential"}, "geometry": {"type": "Point", "coordinates": [-71.0615099, 48.410667]}}, {"type": "Feature", "properties": {"name": "Rue Hector-Champagne", "kind": "residential"}, "geometry": {"type": "Point", "coordinates": [-71.0615717, 48.41403609999999]}}, {"type": "Feature", "properties": {"name": "Rue Chopin", "kind": "residential"}, "geometry": {"type": "Point", "coordinates": [-71.057957, 48.410458500000004]}}, {"type": "Feature", "properties": {"name": "Rue Mozart", "kind": "residential"}, "geometry": {"type": "Point", "coordinates": [-71.0560866, 48.4095236]}}, {"type": "Feature", "properties": {"name": "Rue Massenet", "kind": "residential"}, "geometry": {"type": "Point", "coordinates": [-71.0566307, 48.41074999999999]}}, {"type": "Feature", "properties": {"name": "Rue Gounod", "kind": "residential"}, "geometry": {"type": "Point", "coordinates": [-71.0569289, 48.409898200000015]}}, {"type": "Feature", "properties": {"name": "Rue Marguerite-Tellier", "kind": "residential"}, "geometry": {"type": "Point", "coordinates": [-71.0571728, 48.4134341]}}, {"type": "Feature", "properties": {"name": "Rue Thérèse-Casgrain", "kind": "residential"}, "geometry": {"type": "Point", "coordinates": [-71.0553502, 48.4141052]}}, {"type": "Feature", "properties": {"name": "Rue Maria-Chapdelaine", "kind": "residential"}, "geometry": {"type": "Point", "coordinates": [-71.0566596, 48.41317709999999]}}, {"type": "Feature", "properties": {"name": "Rue Judith-Jasmin", "kind": "residential"}, "geometry": {"type": "Point", "coordinates": [-71.055932, 48.412121]}}, {"type": "Feature", "properties": {"name": "Rue Thérèse-Casgrain", "kind": "residential"}, "geometry": {"type": "Point", "coordinates": [-71.0581104, 48.412699999999994]}}, {"type": "Feature", "properties": {"name": "Rue Marie-Curie", "kind": "residential"}, "geometry": {"type": "Point", "coordinates": [-71.0567336, 48.4127915]}}, {"type": "Feature", "properties": {"name": "Rue Thomas-Edison", "kind": "residential"}, "geometry": {"type": "Point", "coordinates": [-71.0562242, 48.41543120000001]}}, {"type": "Feature", "properties": {"name": "Rue Graham-Bell", "kind": "residential"}, "geometry": {"type": "Point", "coordinates": [-71.0568509, 48.415506700000016]}}, {"type": "Feature", "properties": {"name": "Place Einstein", "kind": "residential"}, "geometry": {"type": "Point", "coordinates": [-71.0563714, 48.41512240000001]}}, {"type": "Feature", "properties": {"name": "Rue Nobel", "kind": "residential"}, "geometry": {"type": "Point", "coordinates": [-71.0547224, 48.4157727]}}, {"type": "Feature", "properties": {"name": "Rue D'Youville", "kind": "residential"}, "geometry": {"type": "Point", "coordinates": [-71.0668638, 48.414531100000005]}}, {"type": "Feature", "properties": {"name": "Rue Dubé", "kind": "residential"}, "geometry": {"type": "Point", "coordinates": [-71.0661368, 48.416316599999995]}}, {"type": "Feature", "properties": {"name": "Rue Crémazie", "kind": "residential"}, "geometry": {"type": "Point", "coordinates": [-71.0746916, 48.41805180000003]}}, {"type": "Feature", "properties": {"name": "Rue François-Rénald", "kind": "residential"}, "geometry": {"type": "Point", "coordinates": [-71.0732343, 48.41927650000002]}}, {"type": "Feature", "properties": {"name": "Rue Champlain", "kind": "residential"}, "geometry": {"type": "Point", "coordinates": [-71.072918, 48.41975730000001]}}, {"type": "Feature", "properties": {"name": "Rue Audet", "kind": "residential"}, "geometry": {"type": "Point", "coordinates": [-71.0722274, 48.4209344]}}, {"type": "Feature", "properties": {"name": "Rue Saint-Joseph", "kind": "residential"}, "geometry": {"type": "Point", "coordinates": [-71.073003, 48.421328]}}, {"type": "Feature", "properties": {"name": "Rue Saint-Charles", "kind": "residential"}, "geometry": {"type": "Point", "coordinates": [-71.0729822, 48.421134900000006]}}, {"type": "Feature", "properties": {"name": "Rue William Est", "kind": "residential"}, "geometry": {"type": "Point", "coordinates": [-71.0681467, 48.420755400000004]}}, {"type": "Feature", "properties": {"name": "Rue William Ouest", "kind": "residential"}, "geometry": {"type": "Point", "coordinates": [-71.0707541, 48.42090120000002]}}, {"type": "Feature", "properties": {"name": "Rue Saint-Dominique Est", "kind": "residential"}, "geometry": {"type": "Point", "coordinates": [-71.068646, 48.4201068]}}, {"type": "Feature", "properties": {"name": "Rue Saint-Dominique Ouest", "kind": "residential"}, "geometry": {"type": "Point", "coordinates": [-71.0708441, 48.4202492]}}, {"type": "Feature", "properties": {"name": "Rue de la Cascade", "kind": "residential"}, "geometry": {"type": "Point", "coordinates": [-71.0703379, 48.419775200000004]}}, {"type": "Feature", "properties": {"name": "Rue de Sales", "kind": "residential"}, "geometry": {"type": "Point", "coordinates": [-71.0442053, 48.4228069]}}, {"type": "Feature", "properties": {"name": "Rue Marie-Victorin", "kind": "residential"}, "geometry": {"type": "Point", "coordinates": [-71.0441405, 48.4209664]}}, {"type": "Feature", "properties": {"name": "Rue de Tilly", "kind": "residential"}, "geometry": {"type": "Point", "coordinates": [-71.0448471, 48.423528299999994]}}, {"type": "Feature", "properties": {"name": "Rue Charles-Huot", "kind": "residential"}, "geometry": {"type": "Point", "coordinates": [-71.0436869, 48.421655999999984]}}, {"type": "Feature", "properties": {"name": "Rue du Cénacle", "kind": "residential"}, "geometry": {"type": "Point", "coordinates": [-71.045104, 48.4225983]}}, {"type": "Feature", "properties": {"name": "Rue des Cormorans", "kind": "residential"}, "geometry": {"type": "Point", "coordinates": [-71.0604749, 48.39293330000001]}}, {"type": "Feature", "properties": {"name": "Rue Dubuc", "kind": "tertiary"}, "geometry": {"type": "Point", "coordinates": [-71.0813479, 48.42482059999999]}}, {"type": "Feature", "properties": {"name": "Rue Dubuc", "kind": "tertiary"}, "geometry": {"type": "Point", "coordinates": [-71.07716930000001, 48.422325]}}, {"type": "Feature", "properties": {"name": "Rue Lapointe", "kind": "residential"}, "geometry": {"type": "Point", "coordinates": [-71.0771064, 48.42051610000001]}}, {"type": "Feature", "properties": {"name": "Rue Fafard", "kind": "residential"}, "geometry": {"type": "Point", "coordinates": [-71.0773579, 48.420534]}}, {"type": "Feature", "properties": {"name": "Rue Taché", "kind": "residential"}, "geometry": {"type": "Point", "coordinates": [-71.0753182, 48.4232071]}}, {"type": "Feature", "properties": {"name": "Rue Gilbert", "kind": "residential"}, "geometry": {"type": "Point", "coordinates": [-71.0743194, 48.42315820000002]}}, {"type": "Feature", "properties": {"name": "Rue Sainte-Marthe", "kind": "residential"}, "geometry": {"type": "Point", "coordinates": [-71.0747306, 48.423868900000016]}}, {"type": "Feature", "properties": {"name": "Rue Delage", "kind": "residential"}, "geometry": {"type": "Point", "coordinates": [-71.0734863, 48.42277689999998]}}, {"type": "Feature", "properties": {"name": "Rue De Quen", "kind": "residential"}, "geometry": {"type": "Point", "coordinates": [-71.0935469, 48.42789750000001]}}, {"type": "Feature", "properties": {"name": "Rue Brassard", "kind": "residential"}, "geometry": {"type": "Point", "coordinates": [-71.08667720000001, 48.4263363]}}, {"type": "Feature", "properties": {"name": "Rue Vilmond", "kind": "residential"}, "geometry": {"type": "Point", "coordinates": [-71.0874082, 48.42561689999999]}}, {"type": "Feature", "properties": {"name": "Rue Langlois", "kind": "residential"}, "geometry": {"type": "Point", "coordinates": [-71.0879757, 48.42547319999999]}}, {"type": "Feature", "properties": {"name": "Rue Legrand", "kind": "residential"}, "geometry": {"type": "Point", "coordinates": [-71.0890519, 48.422957]}}, {"type": "Feature", "properties": {"name": "Rue Albanel", "kind": "residential"}, "geometry": {"type": "Point", "coordinates": [-71.0880604, 48.42380080000001]}}, {"type": "Feature", "properties": {"name": "Rue Simpson", "kind": "residential"}, "geometry": {"type": "Point", "coordinates": [-71.0876026, 48.42293699999998]}}, {"type": "Feature", "properties": {"name": "Rue Dablon", "kind": "residential"}, "geometry": {"type": "Point", "coordinates": [-71.0890423, 48.4220676]}}, {"type": "Feature", "properties": {"name": "Rue Arnaud", "kind": "residential"}, "geometry": {"type": "Point", "coordinates": [-71.0901017, 48.42189380000001]}}, {"type": "Feature", "properties": {"name": "Rue Émile-Grouard", "kind": "residential"}, "geometry": {"type": "Point", "coordinates": [-71.0895416, 48.42468570000001]}}, {"type": "Feature", "properties": {"name": "Rue Gosselin", "kind": "residential"}, "geometry": {"type": "Point", "coordinates": [-71.0986828, 48.418359900000006]}}, {"type": "Feature", "properties": {"name": "Rue Marguerite-Bourgeoys", "kind": "residential"}, "geometry": {"type": "Point", "coordinates": [-71.094988, 48.42655899999999]}}, {"type": "Feature", "properties": {"name": "Rue des Clairons", "kind": "residential"}, "geometry": {"type": "Point", "coordinates": [-71.0929601, 48.4268012]}}, {"type": "Feature", "properties": {"name": "Rue Lejeune", "kind": "residential"}, "geometry": {"type": "Point", "coordinates": [-71.0910423, 48.42603120000001]}}, {"type": "Feature", "properties": {"name": "Rue Casgrain", "kind": "residential"}, "geometry": {"type": "Point", "coordinates": [-71.0940954, 48.4262217]}}, {"type": "Feature", "properties": {"name": "Rue Desgagné", "kind": "residential"}, "geometry": {"type": "Point", "coordinates": [-71.0985845, 48.422475199999994]}}, {"type": "Feature", "properties": {"name": "Rue Gendron", "kind": "residential"}, "geometry": {"type": "Point", "coordinates": [-71.0995307, 48.42115630000001]}}, {"type": "Feature", "properties": {"name": "Rue Hertel", "kind": "residential"}, "geometry": {"type": "Point", "coordinates": [-71.0976424, 48.42180280000001]}}, {"type": "Feature", "properties": {"name": "Rue Alain", "kind": "residential"}, "geometry": {"type": "Point", "coordinates": [-71.0991426, 48.4208671]}}, {"type": "Feature", "properties": {"name": "Rue Rioux", "kind": "residential"}, "geometry": {"type": "Point", "coordinates": [-71.10144, 48.421891300000006]}}, {"type": "Feature", "properties": {"name": "Rue Warren", "kind": "residential"}, "geometry": {"type": "Point", "coordinates": [-71.1036479, 48.42298709999999]}}, {"type": "Feature", "properties": {"name": "Rue Murray", "kind": "residential"}, "geometry": {"type": "Point", "coordinates": [-71.1041482, 48.4218255]}}, {"type": "Feature", "properties": {"name": "Rue Fraser", "kind": "residential"}, "geometry": {"type": "Point", "coordinates": [-71.1060716, 48.4229969]}}, {"type": "Feature", "properties": {"name": "Rue Kane", "kind": "residential"}, "geometry": {"type": "Point", "coordinates": [-71.1047396, 48.422886899999995]}}, {"type": "Feature", "properties": {"name": "Rue Rioux", "kind": "residential"}, "geometry": {"type": "Point", "coordinates": [-71.102886, 48.42026599999999]}}, {"type": "Feature", "properties": {"name": "Rue Dutil", "kind": "residential"}, "geometry": {"type": "Point", "coordinates": [-71.1009003, 48.42173780000001]}}, {"type": "Feature", "properties": {"name": "Rue Cloutier", "kind": "residential"}, "geometry": {"type": "Point", "coordinates": [-71.0987701, 48.419406699999996]}}, {"type": "Feature", "properties": {"name": "Rue Ringuette", "kind": "residential"}, "geometry": {"type": "Point", "coordinates": [-71.0985927, 48.41832779999999]}}, {"type": "Feature", "properties": {"name": "Rue des Actionnaires", "kind": "unclassified"}, "geometry": {"type": "Point", "coordinates": [-71.1111674, 48.40441580000001]}}, {"type": "Feature", "properties": {"name": "Rue Napoléon", "kind": "residential"}, "geometry": {"type": "Point", "coordinates": [-71.0592771, 48.4398154]}}, {"type": "Feature", "properties": {"name": "Rue Roussel", "kind": "residential"}, "geometry": {"type": "Point", "coordinates": [-71.0554046, 48.4380984]}}, {"type": "Feature", "properties": {"name": "Rue des Remparts", "kind": "residential"}, "geometry": {"type": "Point", "coordinates": [-71.0596886, 48.43753620000001]}}, {"type": "Feature", "properties": {"name": "Rue Saint-Maurice", "kind": "residential"}, "geometry": {"type": "Point", "coordinates": [-71.0835049, 48.44510389999999]}}, {"type": "Feature", "properties": {"name": "Rue Panet", "kind": "residential"}, "geometry": {"type": "Point", "coordinates": [-71.08740940000001, 48.449633899999995]}}, {"type": "Feature", "properties": {"name": "Rue de Vimy", "kind": "residential"}, "geometry": {"type": "Point", "coordinates": [-71.0624521, 48.454316400000025]}}, {"type": "Feature", "properties": {"name": "Rue Maisonneuve", "kind": "residential"}, "geometry": {"type": "Point", "coordinates": [-71.0900847, 48.449204500000015]}}, {"type": "Feature", "properties": {"name": "Rue de Chambord", "kind": "residential"}, "geometry": {"type": "Point", "coordinates": [-71.0958132, 48.4492063]}}, {"type": "Feature", "properties": {"name": "Rue Comtois", "kind": "residential"}, "geometry": {"type": "Point", "coordinates": [-71.0603484, 48.446177199999994]}}, {"type": "Feature", "properties": {"name": "Rue Sainte-Marie Nord", "kind": "residential"}, "geometry": {"type": "Point", "coordinates": [-71.0854787, 48.451010600000004]}}, {"type": "Feature", "properties": {"name": "Rue de Vimy", "kind": "residential"}, "geometry": {"type": "Point", "coordinates": [-71.0732651, 48.455387699999996]}}, {"type": "Feature", "properties": {"name": "Rue Flamand", "kind": "residential"}, "geometry": {"type": "Point", "coordinates": [-71.0607414, 48.446194299999995]}}, {"type": "Feature", "properties": {"name": "Rue d'Orléans", "kind": "residential"}, "geometry": {"type": "Point", "coordinates": [-71.0873176, 48.450733]}}, {"type": "Feature", "properties": {"name": "Chemin des Berges", "kind": "residential"}, "geometry": {"type": "Point", "coordinates": [-71.0532128, 48.48498970000001]}}, {"type": "Feature", "properties": {"name": "Rue Sainte-Agnès", "kind": "residential"}, "geometry": {"type": "Point", "coordinates": [-71.0964362, 48.45131100000001]}}, {"type": "Feature", "properties": {"name": "Rue Sainte-Marie Nord", "kind": "residential"}, "geometry": {"type": "Point", "coordinates": [-71.0858018, 48.44985770000001]}}, {"type": "Feature", "properties": {"name": "Rue Sainte-Claire", "kind": "residential"}, "geometry": {"type": "Point", "coordinates": [-71.0588187, 48.437541200000005]}}, {"type": "Feature", "properties": {"name": "Rue du Bocage", "kind": "residential"}, "geometry": {"type": "Point", "coordinates": [-71.06249760000001, 48.445736900000014]}}, {"type": "Feature", "properties": {"name": "Route Villeneuve", "kind": "unclassified"}, "geometry": {"type": "Point", "coordinates": [-71.0009273, 48.474408399999994]}}, {"type": "Feature", "properties": {"name": "Rue Flamand", "kind": "residential"}, "geometry": {"type": "Point", "coordinates": [-71.0622164, 48.44628030000001]}}, {"type": "Feature", "properties": {"name": "Chemin des Eaux-Vives", "kind": "residential"}, "geometry": {"type": "Point", "coordinates": [-71.052631, 48.4841544]}}, {"type": "Feature", "properties": {"name": "Rue Desjardins", "kind": "residential"}, "geometry": {"type": "Point", "coordinates": [-71.0867159, 48.442434500000005]}}, {"type": "Feature", "properties": {"name": "Rue Giffard", "kind": "residential"}, "geometry": {"type": "Point", "coordinates": [-71.0908355, 48.4482773]}}, {"type": "Feature", "properties": {"name": "Rue de la Reine", "kind": "residential"}, "geometry": {"type": "Point", "coordinates": [-71.0726971, 48.43865970000001]}}, {"type": "Feature", "properties": {"name": "Rue Mézy", "kind": "residential"}, "geometry": {"type": "Point", "coordinates": [-71.089265, 48.44925750000001]}}, {"type": "Feature", "properties": {"name": "Rue Bayard", "kind": "residential"}, "geometry": {"type": "Point", "coordinates": [-71.0950055, 48.45137450000001]}}, {"type": "Feature", "properties": {"name": "Rue de Vimy", "kind": "residential"}, "geometry": {"type": "Point", "coordinates": [-71.0652093, 48.45508130000001]}}, {"type": "Feature", "properties": {"name": "Rue Piché", "kind": "residential"}, "geometry": {"type": "Point", "coordinates": [-71.0000209, 48.4599437]}}, {"type": "Feature", "properties": {"name": "Chemin Blackburn", "kind": "residential"}, "geometry": {"type": "Point", "coordinates": [-71.027701, 48.46818119999998]}}, {"type": "Feature", "properties": {"name": "Rue Duquesne", "kind": "residential"}, "geometry": {"type": "Point", "coordinates": [-71.0922092, 48.44932260000001]}}, {"type": "Feature", "properties": {"name": "Rue Saint-Émile", "kind": "residential"}, "geometry": {"type": "Point", "coordinates": [-71.0451136, 48.44617210000001]}}, {"type": "Feature", "properties": {"name": "Rue Saint-Émile", "kind": "residential"}, "geometry": {"type": "Point", "coordinates": [-71.0483415, 48.4391371]}}, {"type": "Feature", "properties": {"name": "Rue Lasalle", "kind": "residential"}, "geometry": {"type": "Point", "coordinates": [-71.0865689, 48.446373900000005]}}, {"type": "Feature", "properties": {"name": "Rue Mézy", "kind": "residential"}, "geometry": {"type": "Point", "coordinates": [-71.0865547, 48.447788700000004]}}, {"type": "Feature", "properties": {"name": "Rue Jalbert", "kind": "residential"}, "geometry": {"type": "Point", "coordinates": [-71.0616176, 48.446763499999996]}}, {"type": "Feature", "properties": {"name": "Rue Delisle", "kind": "tertiary"}, "geometry": {"type": "Point", "coordinates": [-71.0616828, 48.452261500000006]}}, {"type": "Feature", "properties": {"name": "Rue Saint-Roch", "kind": "residential"}, "geometry": {"type": "Point", "coordinates": [-71.0809628, 48.43954139999998]}}, {"type": "Feature", "properties": {"name": "Rue Sauvé", "kind": "residential"}, "geometry": {"type": "Point", "coordinates": [-71.0812078, 48.44374560000001]}}, {"type": "Feature", "properties": {"name": "Rue Saint-Émile", "kind": "residential"}, "geometry": {"type": "Point", "coordinates": [-71.0476746, 48.4405949]}}, {"type": "Feature", "properties": {"name": "Rue Roussel", "kind": "tertiary"}, "geometry": {"type": "Point", "coordinates": [-71.0748804, 48.43920120000001]}}, {"type": "Feature", "properties": {"name": "Rue Saint-Émile", "kind": "residential"}, "geometry": {"type": "Point", "coordinates": [-71.0468896, 48.4422599]}}, {"type": "Feature", "properties": {"name": "Rue Flamand", "kind": "residential"}, "geometry": {"type": "Point", "coordinates": [-71.0602131, 48.4468112]}}, {"type": "Feature", "properties": {"name": "Rue Belley", "kind": "residential"}, "geometry": {"type": "Point", "coordinates": [-71.0613384, 48.445757599999986]}}, {"type": "Feature", "properties": {"name": "Rue de la Fabrique", "kind": "residential"}, "geometry": {"type": "Point", "coordinates": [-71.0797499, 48.4386261]}}, {"type": "Feature", "properties": {"name": "Rue Louis-XIV", "kind": "residential"}, "geometry": {"type": "Point", "coordinates": [-71.0893416, 48.447744199999995]}}, {"type": "Feature", "properties": {"name": "Rue David", "kind": "residential"}, "geometry": {"type": "Point", "coordinates": [-71.08143140000001, 48.44452720000001]}}, {"type": "Feature", "properties": {"name": "Rue Sauvé", "kind": "residential"}, "geometry": {"type": "Point", "coordinates": [-71.0837064, 48.4448516]}}, {"type": "Feature", "properties": {"name": "Rue Saint-Jérome", "kind": "residential"}, "geometry": {"type": "Point", "coordinates": [-71.0932811, 48.45003050000001]}}, {"type": "Feature", "properties": {"name": "Rue Giffard", "kind": "residential"}, "geometry": {"type": "Point", "coordinates": [-71.0870939, 48.448149300000026]}}, {"type": "Feature", "properties": {"name": "Rue Giffard", "kind": "residential"}, "geometry": {"type": "Point", "coordinates": [-71.0884691, 48.448113299999996]}}, {"type": "Feature", "properties": {"name": "Rue Olier", "kind": "residential"}, "geometry": {"type": "Point", "coordinates": [-71.0476408, 48.439512400000005]}}, {"type": "Feature", "properties": {"name": "Rue Frontenac", "kind": "residential"}, "geometry": {"type": "Point", "coordinates": [-71.0759701, 48.43898120000001]}}, {"type": "Feature", "properties": {"name": "Rue Michaud", "kind": "residential"}, "geometry": {"type": "Point", "coordinates": [-71.0607121, 48.4375281]}}, {"type": "Feature", "properties": {"name": "Rue de Verdun", "kind": "residential"}, "geometry": {"type": "Point", "coordinates": [-71.0582922, 48.45014329999999]}}, {"type": "Feature", "properties": {"name": "Rue Cabot", "kind": "residential"}, "geometry": {"type": "Point", "coordinates": [-71.0597849, 48.4472571]}}, {"type": "Feature", "properties": {"name": "Rue Boucher", "kind": "residential"}, "geometry": {"type": "Point", "coordinates": [-71.1176852, 48.45532250000001]}}, {"type": "Feature", "properties": {"name": "Rue Saint-Roch", "kind": "residential"}, "geometry": {"type": "Point", "coordinates": [-71.0815263, 48.43844260000001]}}, {"type": "Feature", "properties": {"name": "Route Madoc", "kind": "tertiary"}, "geometry": {"type": "Point", "coordinates": [-71.0562816, 48.473962199999995]}}, {"type": "Feature", "properties": {"name": "Rue Cabot", "kind": "residential"}, "geometry": {"type": "Point", "coordinates": [-71.0613754, 48.44742209999998]}}, {"type": "Feature", "properties": {"name": "Rue Pasteur Sud", "kind": "residential"}, "geometry": {"type": "Point", "coordinates": [-71.0845657, 48.4455467]}}, {"type": "Feature", "properties": {"name": "Rue Sainte-Marie Nord", "kind": "residential"}, "geometry": {"type": "Point", "coordinates": [-71.0859744, 48.44919060000001]}}, {"type": "Feature", "properties": {"name": "Rue Nicolet", "kind": "residential"}, "geometry": {"type": "Point", "coordinates": [-71.0899045, 48.4488958]}}, {"type": "Feature", "properties": {"name": "Rue Delisle", "kind": "tertiary"}, "geometry": {"type": "Point", "coordinates": [-71.0588789, 48.45855000000001]}}, {"type": "Feature", "properties": {"name": "Rue de Verdun", "kind": "residential"}, "geometry": {"type": "Point", "coordinates": [-71.0578841, 48.44984770000001]}}, {"type": "Feature", "properties": {"name": "Rue Saint-Rémi", "kind": "residential"}, "geometry": {"type": "Point", "coordinates": [-71.06278, 48.44737440000001]}}, {"type": "Feature", "properties": {"name": "Rue du Ravin", "kind": "residential"}, "geometry": {"type": "Point", "coordinates": [-71.1183412, 48.45556680000001]}}, {"type": "Feature", "properties": {"name": "Rue Saint-Émile", "kind": "residential"}, "geometry": {"type": "Point", "coordinates": [-71.0464097, 48.443310200000006]}}, {"type": "Feature", "properties": {"name": "Rue Giffard", "kind": "residential"}, "geometry": {"type": "Point", "coordinates": [-71.0930216, 48.44838140000001]}}, {"type": "Feature", "properties": {"name": "Rue Sainte-Agnès", "kind": "residential"}, "geometry": {"type": "Point", "coordinates": [-71.0961272, 48.451977199999995]}}, {"type": "Feature", "properties": {"name": "Rue Mézy", "kind": "residential"}, "geometry": {"type": "Point", "coordinates": [-71.0924741, 48.45030190000001]}}, {"type": "Feature", "properties": {"name": "Rue Saint-Émile", "kind": "residential"}, "geometry": {"type": "Point", "coordinates": [-71.0488617, 48.43812019999999]}}, {"type": "Feature", "properties": {"name": "Rue Saint-Rémi", "kind": "residential"}, "geometry": {"type": "Point", "coordinates": [-71.0630927, 48.4467865]}}, {"type": "Feature", "properties": {"name": "Rue Comtois", "kind": "residential"}, "geometry": {"type": "Point", "coordinates": [-71.058804, 48.4486748]}}, {"type": "Feature", "properties": {"name": "Rue des Tournesols", "kind": "residential"}, "geometry": {"type": "Point", "coordinates": [-71.1042482, 48.4552482]}}, {"type": "Feature", "properties": {"name": "Rue Viger", "kind": "residential"}, "geometry": {"type": "Point", "coordinates": [-71.0890276, 48.4496609]}}, {"type": "Feature", "properties": {"name": "Rue Richmond", "kind": "residential"}, "geometry": {"type": "Point", "coordinates": [-71.0499089, 48.4368681]}}, {"type": "Feature", "properties": {"name": "Rue Potvin", "kind": "residential"}, "geometry": {"type": "Point", "coordinates": [-71.0434386, 48.435319600000014]}}, {"type": "Feature", "properties": {"name": "Rue du Rocher", "kind": "residential"}, "geometry": {"type": "Point", "coordinates": [-71.0591498, 48.43651979999999]}}, {"type": "Feature", "properties": {"name": "Rue Fleury", "kind": "residential"}, "geometry": {"type": "Point", "coordinates": [-71.0488502, 48.4366583]}}, {"type": "Feature", "properties": {"name": "Rue Condé", "kind": "residential"}, "geometry": {"type": "Point", "coordinates": [-71.051389, 48.43735910000001]}}, {"type": "Feature", "properties": {"name": "Rue Évangéline", "kind": "residential"}, "geometry": {"type": "Point", "coordinates": [-71.0428994, 48.4361164]}}, {"type": "Feature", "properties": {"name": "Rue de la Paix", "kind": "residential"}, "geometry": {"type": "Point", "coordinates": [-71.0735198, 48.43733610000002]}}, {"type": "Feature", "properties": {"name": "Rue Richmond", "kind": "residential"}, "geometry": {"type": "Point", "coordinates": [-71.0469901, 48.43593839999999]}}, {"type": "Feature", "properties": {"name": "Rue Condé", "kind": "residential"}, "geometry": {"type": "Point", "coordinates": [-71.0497567, 48.4371183]}}, {"type": "Feature", "properties": {"name": "Rue de la Falaise", "kind": "residential"}, "geometry": {"type": "Point", "coordinates": [-71.0567421, 48.43780520000001]}}, {"type": "Feature", "properties": {"name": "Rue Buies", "kind": "residential"}, "geometry": {"type": "Point", "coordinates": [-71.0464947, 48.4370917]}}, {"type": "Feature", "properties": {"name": "Rue Fleury", "kind": "residential"}, "geometry": {"type": "Point", "coordinates": [-71.0485308, 48.43712289999999]}}, {"type": "Feature", "properties": {"name": "Rue le Moyne", "kind": "residential"}, "geometry": {"type": "Point", "coordinates": [-71.058447, 48.43698390000001]}}, {"type": "Feature", "properties": {"name": "Rue Rhainds", "kind": "residential"}, "geometry": {"type": "Point", "coordinates": [-71.0656321, 48.43658369999999]}}, {"type": "Feature", "properties": {"name": "Boulevard de Tadoussac", "kind": "primary"}, "geometry": {"type": "Point", "coordinates": [-71.0611013, 48.4395163]}}, {"type": "Feature", "properties": {"name": "Rue Saint-Éphrem", "kind": "residential"}, "geometry": {"type": "Point", "coordinates": [-71.0636856, 48.43718750000001]}}, {"type": "Feature", "properties": {"name": "Rue Saint-Rémi", "kind": "residential"}, "geometry": {"type": "Point", "coordinates": [-71.0633756, 48.446259699999985]}}, {"type": "Feature", "properties": {"name": "Rue Richelieu", "kind": "residential"}, "geometry": {"type": "Point", "coordinates": [-71.0583797, 48.45055330000001]}}, {"type": "Feature", "properties": {"name": "Rue Racine Est", "kind": "tertiary"}, "geometry": {"type": "Point", "coordinates": [-71.0656882, 48.427907300000015]}}, {"type": "Feature", "properties": {"name": "Rue Sainte-Cécile", "kind": "residential"}, "geometry": {"type": "Point", "coordinates": [-71.0851636, 48.42506430000001]}}, {"type": "Feature", "properties": {"name": "Rue Saint-Henri", "kind": "residential"}, "geometry": {"type": "Point", "coordinates": [-71.078232, 48.419187400000006]}}, {"type": "Feature", "properties": {"name": "Rang Sainte-Famille", "kind": "tertiary"}, "geometry": {"type": "Point", "coordinates": [-71.0212834, 48.3871757]}}, {"type": "Feature", "properties": {"name": "Rue Margot", "kind": "residential"}, "geometry": {"type": "Point", "coordinates": [-70.9918987, 48.464791999999996]}}, {"type": "Feature", "properties": {"name": "Rue des Outardes", "kind": "unclassified"}, "geometry": {"type": "Point", "coordinates": [-71.1141839, 48.397796400000004]}}, {"type": "Feature", "properties": {"name": "Boulevard de Tadoussac", "kind": "primary"}, "geometry": {"type": "Point", "coordinates": [-70.9843551, 48.46156740000001]}}, {"type": "Feature", "properties": {"name": "Rang Sainte-Famille", "kind": "tertiary"}, "geometry": {"type": "Point", "coordinates": [-71.0369154, 48.37235639999999]}}, {"type": "Feature", "properties": {"name": "Route Villeneuve", "kind": "tertiary"}, "geometry": {"type": "Point", "coordinates": [-70.9959516, 48.467884600000005]}}, {"type": "Feature", "properties": {"name": "Rue Bersimis", "kind": "unclassified"}, "geometry": {"type": "Point", "coordinates": [-71.1155077, 48.3968843]}}, {"type": "Feature", "properties": {"name": "Chemin De La Rivière", "kind": "residential"}, "geometry": {"type": "Point", "coordinates": [-71.14429280000002, 48.348735799999986]}}, {"type": "Feature", "properties": {"name": "Chemin De La Nature", "kind": "unclassified"}, "geometry": {"type": "Point", "coordinates": [-71.1500868, 48.35202710000001]}}, {"type": "Feature", "properties": {"name": "Chemin de la Batture-Saint-Paul", "kind": "unclassified"}, "geometry": {"type": "Point", "coordinates": [-71.1551415, 48.351168300000005]}}, {"type": "Feature", "properties": {"name": "Rue du Rosaire", "kind": "residential"}, "geometry": {"type": "Point", "coordinates": [-71.0626008, 48.43729820000001]}}, {"type": "Feature", "properties": {"name": "Rue Roussel", "kind": "tertiary"}, "geometry": {"type": "Point", "coordinates": [-71.0625686, 48.438125199999995]}}, {"type": "Feature", "properties": {"name": "Rue Sainte-Anne", "kind": "tertiary"}, "geometry": {"type": "Point", "coordinates": [-71.0683122, 48.429204700000014]}}, {"type": "Feature", "properties": {"name": "Rue Sainte-Anne", "kind": "tertiary"}, "geometry": {"type": "Point", "coordinates": [-71.0682696, 48.4294995]}}, {"type": "Feature", "properties": {"name": "Boulevard Saint-Paul", "kind": "primary"}, "geometry": {"type": "Point", "coordinates": [-71.0722708, 48.428033899999996]}}, {"type": "Feature", "properties": {"name": "Boulevard du Saguenay Est", "kind": "secondary"}, "geometry": {"type": "Point", "coordinates": [-71.058566, 48.429519099999986]}}, {"type": "Feature", "properties": {"name": "Rue Roussel", "kind": "residential"}, "geometry": {"type": "Point", "coordinates": [-71.0427076, 48.43718259999999]}}, {"type": "Feature", "properties": {"name": "Boulevard Sainte-Geneviève", "kind": "primary"}, "geometry": {"type": "Point", "coordinates": [-71.0688275, 48.43819299999999]}}, {"type": "Feature", "properties": {"name": "Rang Saint-Antoine", "kind": "unclassified"}, "geometry": {"type": "Point", "coordinates": [-71.1564786, 48.383108]}}, {"type": "Feature", "properties": {"name": "Rue de Normandie", "kind": "residential"}, "geometry": {"type": "Point", "coordinates": [-71.0228006, 48.426268399999984]}}, {"type": "Feature", "properties": {"name": "Boulevard du Saguenay Est", "kind": "secondary"}, "geometry": {"type": "Point", "coordinates": [-71.0209416, 48.423473]}}, {"type": "Feature", "properties": {"name": "Rue Saint-Thimothée", "kind": "residential"}, "geometry": {"type": "Point", "coordinates": [-71.02955390000001, 48.42820070000002]}}, {"type": "Feature", "properties": {"name": "Rue de l'École", "kind": "residential"}, "geometry": {"type": "Point", "coordinates": [-71.03912690000001, 48.428767699999995]}}, {"type": "Feature", "properties": {"name": "Rue des Herbages", "kind": "residential"}, "geometry": {"type": "Point", "coordinates": [-71.1195306, 48.380964199999994]}}, {"type": "Feature", "properties": {"name": "Rue Lindbergh", "kind": "residential"}, "geometry": {"type": "Point", "coordinates": [-71.1150913, 48.39232100000001]}}, {"type": "Feature", "properties": {"name": "Rue du Boisé", "kind": "residential"}, "geometry": {"type": "Point", "coordinates": [-71.1131512, 48.38309410000001]}}, {"type": "Feature", "properties": {"name": "Rue des Prés", "kind": "residential"}, "geometry": {"type": "Point", "coordinates": [-71.1206653, 48.38079950000001]}}, {"type": "Feature", "properties": {"name": "Rue Antonio-Lemaire", "kind": "unclassified"}, "geometry": {"type": "Point", "coordinates": [-71.1119968, 48.38809369999999]}}, {"type": "Feature", "properties": {"name": "Place des Copains", "kind": "residential"}, "geometry": {"type": "Point", "coordinates": [-71.1156982, 48.3832445]}}, {"type": "Feature", "properties": {"name": "Rue Blériot", "kind": "residential"}, "geometry": {"type": "Point", "coordinates": [-71.1131623, 48.3904782]}}, {"type": "Feature", "properties": {"name": "Rue Élisabeth-Riverin", "kind": "residential"}, "geometry": {"type": "Point", "coordinates": [-71.112509, 48.3919087]}}, {"type": "Feature", "properties": {"name": "Place des Copains", "kind": "residential"}, "geometry": {"type": "Point", "coordinates": [-71.1170212, 48.383217300000005]}}, {"type": "Feature", "properties": {"name": "Rue d'Anjou", "kind": "residential"}, "geometry": {"type": "Point", "coordinates": [-71.0152028, 48.4305725]}}, {"type": "Feature", "properties": {"name": "Rue du Charolais", "kind": "residential"}, "geometry": {"type": "Point", "coordinates": [-71.0159596, 48.4294732]}}, {"type": "Feature", "properties": {"name": "Rue La Fontaine", "kind": "residential"}, "geometry": {"type": "Point", "coordinates": [-71.0604258, 48.4236735]}}, {"type": "Feature", "properties": {"name": "Boulevard de l'Université", "kind": "primary"}, "geometry": {"type": "Point", "coordinates": [-71.0624652, 48.420168100000005]}}, {"type": "Feature", "properties": {"name": "Rue Montcalm", "kind": "residential"}, "geometry": {"type": "Point", "coordinates": [-71.0716986, 48.4261668]}}, {"type": "Feature", "properties": {"name": "Rue du Patrimoine", "kind": "residential"}, "geometry": {"type": "Point", "coordinates": [-71.1267343, 48.456521]}}, {"type": "Feature", "properties": {"name": "Rue de la Sablonnière", "kind": "residential"}, "geometry": {"type": "Point", "coordinates": [-71.1276716, 48.45549369999999]}}, {"type": "Feature", "properties": {"name": "Rue du Vallon", "kind": "residential"}, "geometry": {"type": "Point", "coordinates": [-71.1276329, 48.45619080000001]}}, {"type": "Feature", "properties": {"name": "Boulevard du Saguenay Ouest", "kind": "secondary"}, "geometry": {"type": "Point", "coordinates": [-71.0861365, 48.4326255]}}, {"type": "Feature", "properties": {"name": "Rue Saint Cyrille", "kind": "residential"}, "geometry": {"type": "Point", "coordinates": [-71.0771528, 48.42170640000001]}}, {"type": "Feature", "properties": {"name": "Rue Hébert", "kind": "residential"}, "geometry": {"type": "Point", "coordinates": [-71.0761634, 48.42097220000001]}}, {"type": "Feature", "properties": {"name": "Rue le Doré", "kind": "residential"}, "geometry": {"type": "Point", "coordinates": [-71.0784716, 48.423511600000005]}}, {"type": "Feature", "properties": {"name": "Rue Néron", "kind": "unclassified"}, "geometry": {"type": "Point", "coordinates": [-71.0824429, 48.38987939999999]}}, {"type": "Feature", "properties": {"name": "Rue Zola", "kind": "unclassified"}, "geometry": {"type": "Point", "coordinates": [-71.0795673, 48.3965423]}}, {"type": "Feature", "properties": {"name": "Rue Albert-Sorel", "kind": "residential"}, "geometry": {"type": "Point", "coordinates": [-71.0769873, 48.395073700000005]}}, {"type": "Feature", "properties": {"name": "Rue d'Anjou", "kind": "residential"}, "geometry": {"type": "Point", "coordinates": [-71.016266, 48.428494199999996]}}, {"type": "Feature", "properties": {"name": "Boulevard du Saguenay Est", "kind": "secondary"}, "geometry": {"type": "Point", "coordinates": [-71.0327621, 48.42983780000002]}}, {"type": "Feature", "properties": {"name": "Boulevard du Saguenay Est", "kind": "secondary"}, "geometry": {"type": "Point", "coordinates": [-71.0334424, 48.4299072]}}, {"type": "Feature", "properties": {"name": "Rue Arthur-Hamel", "kind": "residential"}, "geometry": {"type": "Point", "coordinates": [-71.0247765, 48.430634399999995]}}, {"type": "Feature", "properties": {"name": "Rue du Millet", "kind": "residential"}, "geometry": {"type": "Point", "coordinates": [-71.1196605, 48.3125306]}}, {"type": "Feature", "properties": {"name": "Rue Jules-Huot", "kind": "residential"}, "geometry": {"type": "Point", "coordinates": [-71.0171062, 48.41887169999998]}}, {"type": "Feature", "properties": {"name": "Rue du Chemin-du-Golf", "kind": "residential"}, "geometry": {"type": "Point", "coordinates": [-71.019232, 48.41659839999999]}}, {"type": "Feature", "properties": {"name": "Rue du Chemin-du-Golf", "kind": "residential"}, "geometry": {"type": "Point", "coordinates": [-71.018292, 48.41684490000001]}}, {"type": "Feature", "properties": {"name": "Chemin de la Carrière", "kind": "unclassified"}, "geometry": {"type": "Point", "coordinates": [-71.1036918, 48.46037979999999]}}, {"type": "Feature", "properties": {"name": "Chemin de la Carrière", "kind": "unclassified"}, "geometry": {"type": "Point", "coordinates": [-71.1022627, 48.4641941]}}, {"type": "Feature", "properties": {"name": "Chemin de la Carrière", "kind": "residential"}, "geometry": {"type": "Point", "coordinates": [-71.100521, 48.468251800000004]}}, {"type": "Feature", "properties": {"name": "Rue Augé", "kind": "residential"}, "geometry": {"type": "Point", "coordinates": [-71.104005, 48.4469259]}}, {"type": "Feature", "properties": {"name": "Rue Augé", "kind": "residential"}, "geometry": {"type": "Point", "coordinates": [-71.104091, 48.4461322]}}, {"type": "Feature", "properties": {"name": "Rue Beaupré", "kind": "residential"}, "geometry": {"type": "Point", "coordinates": [-71.0667672, 48.4496477]}}, {"type": "Feature", "properties": {"name": "Rue Bossuet", "kind": "residential"}, "geometry": {"type": "Point", "coordinates": [-71.0690143, 48.4495274]}}, {"type": "Feature", "properties": {"name": "Rue Bossuet", "kind": "residential"}, "geometry": {"type": "Point", "coordinates": [-71.0687853, 48.4494905]}}, {"type": "Feature", "properties": {"name": "Rue Bouchard", "kind": "residential"}, "geometry": {"type": "Point", "coordinates": [-71.0783797, 48.4384577]}}, {"type": "Feature", "properties": {"name": "Rue Cabot", "kind": "residential"}, "geometry": {"type": "Point", "coordinates": [-71.0710945, 48.44890639999999]}}, {"type": "Feature", "properties": {"name": "Rue Cabot", "kind": "residential"}, "geometry": {"type": "Point", "coordinates": [-71.0697364, 48.4492869]}}, {"type": "Feature", "properties": {"name": "Rue Cabot", "kind": "residential"}, "geometry": {"type": "Point", "coordinates": [-71.0691046, 48.449153300000006]}}, {"type": "Feature", "properties": {"name": "Rue Cabot", "kind": "residential"}, "geometry": {"type": "Point", "coordinates": [-71.0659171, 48.448437700000014]}}, {"type": "Feature", "properties": {"name": "Rue Cabot", "kind": "residential"}, "geometry": {"type": "Point", "coordinates": [-71.0668208, 48.448640799999986]}}, {"type": "Feature", "properties": {"name": "Rue Cabot", "kind": "residential"}, "geometry": {"type": "Point", "coordinates": [-71.063252, 48.44783679999999]}}, {"type": "Feature", "properties": {"name": "Rue Cabot", "kind": "residential"}, "geometry": {"type": "Point", "coordinates": [-71.0648434, 48.4481956]}}, {"type": "Feature", "properties": {"name": "Rue Cabot", "kind": "residential"}, "geometry": {"type": "Point", "coordinates": [-71.0682751, 48.4489693]}}, {"type": "Feature", "properties": {"name": "Rue Candide", "kind": "residential"}, "geometry": {"type": "Point", "coordinates": [-71.1168222, 48.4572676]}}, {"type": "Feature", "properties": {"name": "Rue Carrier", "kind": "residential"}, "geometry": {"type": "Point", "coordinates": [-71.0951577, 48.44374650000001]}}, {"type": "Feature", "properties": {"name": "Rue Carrier", "kind": "residential"}, "geometry": {"type": "Point", "coordinates": [-71.0951897, 48.4434401]}}, {"type": "Feature", "properties": {"name": "Rue Carrier", "kind": "residential"}, "geometry": {"type": "Point", "coordinates": [-71.0952798, 48.4434397]}}, {"type": "Feature", "properties": {"name": "Rue Casault", "kind": "residential"}, "geometry": {"type": "Point", "coordinates": [-71.0702695, 48.444401000000006]}}, {"type": "Feature", "properties": {"name": "Rue Chapais", "kind": "residential"}, "geometry": {"type": "Point", "coordinates": [-71.0740034, 48.44257549999999]}}, {"type": "Feature", "properties": {"name": "Rue Chapleau", "kind": "residential"}, "geometry": {"type": "Point", "coordinates": [-71.1039416, 48.448752000000006]}}, {"type": "Feature", "properties": {"name": "Rue Chapleau", "kind": "residential"}, "geometry": {"type": "Point", "coordinates": [-71.1032493, 48.4480117]}}, {"type": "Feature", "properties": {"name": "Rue Chapleau", "kind": "residential"}, "geometry": {"type": "Point", "coordinates": [-71.0988062, 48.4476852]}}, {"type": "Feature", "properties": {"name": "Rue Chapleau", "kind": "residential"}, "geometry": {"type": "Point", "coordinates": [-71.1014772, 48.4476955]}}, {"type": "Feature", "properties": {"name": "Rue Constantin", "kind": "residential"}, "geometry": {"type": "Point", "coordinates": [-71.0674546, 48.44659229999999]}}, {"type": "Feature", "properties": {"name": "Rue Constantin", "kind": "residential"}, "geometry": {"type": "Point", "coordinates": [-71.0666815, 48.447467799999984]}}, {"type": "Feature", "properties": {"name": "Rue Constantin", "kind": "residential"}, "geometry": {"type": "Point", "coordinates": [-71.0686364, 48.44521350000001]}}, {"type": "Feature", "properties": {"name": "Rue Constantin", "kind": "residential"}, "geometry": {"type": "Point", "coordinates": [-71.0660994, 48.44809850000001]}}, {"type": "Feature", "properties": {"name": "Rue Constantin", "kind": "residential"}, "geometry": {"type": "Point", "coordinates": [-71.0682008, 48.44572599999999]}}, {"type": "Feature", "properties": {"name": "Rue Constantin", "kind": "residential"}, "geometry": {"type": "Point", "coordinates": [-71.0690055, 48.444751200000006]}}, {"type": "Feature", "properties": {"name": "Rue Constantin", "kind": "residential"}, "geometry": {"type": "Point", "coordinates": [-71.0691559, 48.44420090000001]}}, {"type": "Feature", "properties": {"name": "Rue Delisle", "kind": "tertiary"}, "geometry": {"type": "Point", "coordinates": [-71.0672275, 48.44445700000001]}}, {"type": "Feature", "properties": {"name": "Rue Delisle", "kind": "tertiary"}, "geometry": {"type": "Point", "coordinates": [-71.069548, 48.4438462]}}, {"type": "Feature", "properties": {"name": "Rue Delisle", "kind": "tertiary"}, "geometry": {"type": "Point", "coordinates": [-71.06461860000002, 48.4464923]}}, {"type": "Feature", "properties": {"name": "Rue Delisle", "kind": "residential"}, "geometry": {"type": "Point", "coordinates": [-71.0713789, 48.443547400000014]}}, {"type": "Feature", "properties": {"name": "Rue Delisle", "kind": "tertiary"}, "geometry": {"type": "Point", "coordinates": [-71.07008060000001, 48.44376929999999]}}, {"type": "Feature", "properties": {"name": "Rue Delisle", "kind": "residential"}, "geometry": {"type": "Point", "coordinates": [-71.0730658, 48.44325130000001]}}, {"type": "Feature", "properties": {"name": "Rue Delisle", "kind": "residential"}, "geometry": {"type": "Point", "coordinates": [-71.0706309, 48.443675799999994]}}, {"type": "Feature", "properties": {"name": "Rue Delisle", "kind": "tertiary"}, "geometry": {"type": "Point", "coordinates": [-71.0631873, 48.449313499999995]}}, {"type": "Feature", "properties": {"name": "Rue Delisle", "kind": "residential"}, "geometry": {"type": "Point", "coordinates": [-71.0749967, 48.442879999999995]}}, {"type": "Feature", "properties": {"name": "Rue Dupré", "kind": "residential"}, "geometry": {"type": "Point", "coordinates": [-71.0632716, 48.4516526]}}, {"type": "Feature", "properties": {"name": "Rue Dupré", "kind": "residential"}, "geometry": {"type": "Point", "coordinates": [-71.0646943, 48.4520082]}}, {"type": "Feature", "properties": {"name": "Rue Fabien", "kind": "residential"}, "geometry": {"type": "Point", "coordinates": [-71.1045684, 48.4647461]}}, {"type": "Feature", "properties": {"name": "Rue Fabien", "kind": "residential"}, "geometry": {"type": "Point", "coordinates": [-71.0991893, 48.4634098]}}, {"type": "Feature", "properties": {"name": "Rue Fabien", "kind": "residential"}, "geometry": {"type": "Point", "coordinates": [-71.1031917, 48.4643806]}}, {"type": "Feature", "properties": {"name": "Rue Fabien", "kind": "residential"}, "geometry": {"type": "Point", "coordinates": [-71.104572, 48.464706799999995]}}, {"type": "Feature", "properties": {"name": "Rue Fillion", "kind": "residential"}, "geometry": {"type": "Point", "coordinates": [-71.0923801, 48.445145000000004]}}, {"type": "Feature", "properties": {"name": "Rue Fillion", "kind": "residential"}, "geometry": {"type": "Point", "coordinates": [-71.0907993, 48.4442735]}}, {"type": "Feature", "properties": {"name": "Rue Fillion", "kind": "residential"}, "geometry": {"type": "Point", "coordinates": [-71.096272, 48.44454319999999]}}, {"type": "Feature", "properties": {"name": "Rue Fillion", "kind": "residential"}, "geometry": {"type": "Point", "coordinates": [-71.0898717, 48.44358490000001]}}, {"type": "Feature", "properties": {"name": "Rue Fillion", "kind": "residential"}, "geometry": {"type": "Point", "coordinates": [-71.0960415, 48.4445394]}}, {"type": "Feature", "properties": {"name": "Rue Fillion", "kind": "residential"}, "geometry": {"type": "Point", "coordinates": [-71.09533, 48.4448832]}}, {"type": "Feature", "properties": {"name": "Rue Fillion", "kind": "residential"}, "geometry": {"type": "Point", "coordinates": [-71.0938438, 48.44527970000002]}}, {"type": "Feature", "properties": {"name": "Rue Forget", "kind": "residential"}, "geometry": {"type": "Point", "coordinates": [-71.1048042, 48.446729399999995]}}, {"type": "Feature", "properties": {"name": "Rue Forget", "kind": "residential"}, "geometry": {"type": "Point", "coordinates": [-71.10521, 48.446693]}}, {"type": "Feature", "properties": {"name": "Rue Forget", "kind": "residential"}, "geometry": {"type": "Point", "coordinates": [-71.1052102, 48.4467614]}}, {"type": "Feature", "properties": {"name": "Rue Frontenac", "kind": "residential"}, "geometry": {"type": "Point", "coordinates": [-71.0767095, 48.439691400000015]}}, {"type": "Feature", "properties": {"name": "Rue Fréchette", "kind": "residential"}, "geometry": {"type": "Point", "coordinates": [-71.0775244, 48.4380522]}}, {"type": "Feature", "properties": {"name": "Rue Frédéric", "kind": "residential"}, "geometry": {"type": "Point", "coordinates": [-71.0658646, 48.456631]}}, {"type": "Feature", "properties": {"name": "Rue Fénelon", "kind": "residential"}, "geometry": {"type": "Point", "coordinates": [-71.0692088, 48.44703950000001]}}, {"type": "Feature", "properties": {"name": "Rue Giffard", "kind": "residential"}, "geometry": {"type": "Point", "coordinates": [-71.0960606, 48.4478911]}}, {"type": "Feature", "properties": {"name": "Rue Giffard", "kind": "residential"}, "geometry": {"type": "Point", "coordinates": [-71.0942721, 48.44824549999999]}}, {"type": "Feature", "properties": {"name": "Rue Hoffman", "kind": "residential"}, "geometry": {"type": "Point", "coordinates": [-71.0801345, 48.439153999999995]}}, {"type": "Feature", "properties": {"name": "Rue Hoffman", "kind": "residential"}, "geometry": {"type": "Point", "coordinates": [-71.0795754, 48.43978299999999]}}, {"type": "Feature", "properties": {"name": "Rue Jeanne", "kind": "residential"}, "geometry": {"type": "Point", "coordinates": [-71.1216534, 48.454776200000005]}}, {"type": "Feature", "properties": {"name": "Rue Jeanne", "kind": "residential"}, "geometry": {"type": "Point", "coordinates": [-71.1224967, 48.455884]}}, {"type": "Feature", "properties": {"name": "Rue Jeanne", "kind": "residential"}, "geometry": {"type": "Point", "coordinates": [-71.1219576, 48.4542213]}}, {"type": "Feature", "properties": {"name": "Rue Jeanne", "kind": "residential"}, "geometry": {"type": "Point", "coordinates": [-71.1217951, 48.454776200000005]}}, {"type": "Feature", "properties": {"name": "Rue Joffre", "kind": "residential"}, "geometry": {"type": "Point", "coordinates": [-71.0827319, 48.45076589999999]}}, {"type": "Feature", "properties": {"name": "Rue Joffre", "kind": "residential"}, "geometry": {"type": "Point", "coordinates": [-71.0842873, 48.4499977]}}, {"type": "Feature", "properties": {"name": "Rue Joffre", "kind": "residential"}, "geometry": {"type": "Point", "coordinates": [-71.0834279, 48.45042850000001]}}, {"type": "Feature", "properties": {"name": "Rue La Chesnaye", "kind": "residential"}, "geometry": {"type": "Point", "coordinates": [-71.0654379, 48.45277660000001]}}, {"type": "Feature", "properties": {"name": "Rue La Chesnaye", "kind": "residential"}, "geometry": {"type": "Point", "coordinates": [-71.0638091, 48.45287020000001]}}, {"type": "Feature", "properties": {"name": "Rue Lalande", "kind": "residential"}, "geometry": {"type": "Point", "coordinates": [-71.0638936, 48.4551755]}}, {"type": "Feature", "properties": {"name": "Rue Lalande", "kind": "residential"}, "geometry": {"type": "Point", "coordinates": [-71.0636346, 48.455893700000004]}}, {"type": "Feature", "properties": {"name": "Rue Lalemant", "kind": "residential"}, "geometry": {"type": "Point", "coordinates": [-71.0710884, 48.441773700000006]}}, {"type": "Feature", "properties": {"name": "Rue Louis-Hudon", "kind": "residential"}, "geometry": {"type": "Point", "coordinates": [-71.1226677, 48.453904]}}, {"type": "Feature", "properties": {"name": "Rue Louis-Hudon", "kind": "residential"}, "geometry": {"type": "Point", "coordinates": [-71.1213335, 48.453521000000016]}}, {"type": "Feature", "properties": {"name": "Rue Ludovic", "kind": "residential"}, "geometry": {"type": "Point", "coordinates": [-71.0635832, 48.440523600000006]}}, {"type": "Feature", "properties": {"name": "Rue Marie-France", "kind": "residential"}, "geometry": {"type": "Point", "coordinates": [-71.11700080000001, 48.458012800000006]}}, {"type": "Feature", "properties": {"name": "Rue Masson", "kind": "residential"}, "geometry": {"type": "Point", "coordinates": [-71.0738208, 48.44010990000001]}}, {"type": "Feature", "properties": {"name": "Rue Monseigneur-Martel", "kind": "residential"}, "geometry": {"type": "Point", "coordinates": [-71.0805131, 48.4426781]}}, {"type": "Feature", "properties": {"name": "Rue Monseigneur-Martel", "kind": "residential"}, "geometry": {"type": "Point", "coordinates": [-71.0829349, 48.443672299999996]}}, {"type": "Feature", "properties": {"name": "Rue Nadine", "kind": "residential"}, "geometry": {"type": "Point", "coordinates": [-71.0936761, 48.4447098]}}, {"type": "Feature", "properties": {"name": "Rue Octave", "kind": "residential"}, "geometry": {"type": "Point", "coordinates": [-71.0977433, 48.446093200000014]}}, {"type": "Feature", "properties": {"name": "Rue Pasteur Nord", "kind": "residential"}, "geometry": {"type": "Point", "coordinates": [-71.0837952, 48.4504865]}}, {"type": "Feature", "properties": {"name": "Rue Pasteur Nord", "kind": "residential"}, "geometry": {"type": "Point", "coordinates": [-71.0845262, 48.4483874]}}, {"type": "Feature", "properties": {"name": "Rue Pasteur Nord", "kind": "residential"}, "geometry": {"type": "Point", "coordinates": [-71.084575, 48.449282399999994]}}, {"type": "Feature", "properties": {"name": "Rue Pasteur Sud", "kind": "residential"}, "geometry": {"type": "Point", "coordinates": [-71.0845688, 48.44610479999999]}}, {"type": "Feature", "properties": {"name": "Rue Pasteur Sud", "kind": "residential"}, "geometry": {"type": "Point", "coordinates": [-71.0850837, 48.4469184]}}, {"type": "Feature", "properties": {"name": "Rue Phydime", "kind": "residential"}, "geometry": {"type": "Point", "coordinates": [-71.0816417, 48.438854599999985]}}, {"type": "Feature", "properties": {"name": "Rue Phydime", "kind": "residential"}, "geometry": {"type": "Point", "coordinates": [-71.0822266, 48.43895449999999]}}, {"type": "Feature", "properties": {"name": "Rue Pie-XII", "kind": "residential"}, "geometry": {"type": "Point", "coordinates": [-71.080862, 48.44320870000001]}}, {"type": "Feature", "properties": {"name": "Rue Pinel", "kind": "residential"}, "geometry": {"type": "Point", "coordinates": [-71.0770423, 48.45104980000001]}}, {"type": "Feature", "properties": {"name": "Rue Pépin", "kind": "residential"}, "geometry": {"type": "Point", "coordinates": [-71.0699614, 48.44344170000001]}}, {"type": "Feature", "properties": {"name": "Rue Riel", "kind": "residential"}, "geometry": {"type": "Point", "coordinates": [-71.0689176, 48.443211000000005]}}, {"type": "Feature", "properties": {"name": "Rue Riel", "kind": "residential"}, "geometry": {"type": "Point", "coordinates": [-71.0706144, 48.442774500000006]}}, {"type": "Feature", "properties": {"name": "Rue Riel", "kind": "residential"}, "geometry": {"type": "Point", "coordinates": [-71.071518, 48.4423207]}}, {"type": "Feature", "properties": {"name": "Rue Riel", "kind": "residential"}, "geometry": {"type": "Point", "coordinates": [-71.0673993, 48.44278790000001]}}, {"type": "Feature", "properties": {"name": "Rue Riel", "kind": "residential"}, "geometry": {"type": "Point", "coordinates": [-71.0721267, 48.4419821]}}, {"type": "Feature", "properties": {"name": "Rue Roger", "kind": "residential"}, "geometry": {"type": "Point", "coordinates": [-71.1177899, 48.456970300000016]}}, {"type": "Feature", "properties": {"name": "Rue Roussel", "kind": "residential"}, "geometry": {"type": "Point", "coordinates": [-71.0880413, 48.4422035]}}, {"type": "Feature", "properties": {"name": "Rue Roussel", "kind": "residential"}, "geometry": {"type": "Point", "coordinates": [-71.0811097, 48.4411427]}}, {"type": "Feature", "properties": {"name": "Rue Roussel", "kind": "residential"}, "geometry": {"type": "Point", "coordinates": [-71.085076, 48.441947]}}, {"type": "Feature", "properties": {"name": "Rue Roussel", "kind": "residential"}, "geometry": {"type": "Point", "coordinates": [-71.0824823, 48.441458299999994]}}, {"type": "Feature", "properties": {"name": "Rue Roussel", "kind": "residential"}, "geometry": {"type": "Point", "coordinates": [-71.0863134, 48.4419803]}}, {"type": "Feature", "properties": {"name": "Rue Roussel", "kind": "residential"}, "geometry": {"type": "Point", "coordinates": [-71.0836648, 48.441735200000004]}}, {"type": "Feature", "properties": {"name": "Rue Saint-Albert", "kind": "tertiary"}, "geometry": {"type": "Point", "coordinates": [-71.0799781, 48.441679699999995]}}, {"type": "Feature", "properties": {"name": "Rue Saint-Albert", "kind": "tertiary"}, "geometry": {"type": "Point", "coordinates": [-71.0789071, 48.444234400000006]}}, {"type": "Feature", "properties": {"name": "Rue Saint-Albert", "kind": "tertiary"}, "geometry": {"type": "Point", "coordinates": [-71.079764, 48.4427571]}}, {"type": "Feature", "properties": {"name": "Rue Saint-Albert", "kind": "tertiary"}, "geometry": {"type": "Point", "coordinates": [-71.0792888, 48.4436327]}}, {"type": "Feature", "properties": {"name": "Rue Saint-Alexandre", "kind": "residential"}, "geometry": {"type": "Point", "coordinates": [-71.085758, 48.4415807]}}, {"type": "Feature", "properties": {"name": "Rue Saint-Alexis", "kind": "residential"}, "geometry": {"type": "Point", "coordinates": [-71.0764358, 48.43766620000001]}}, {"type": "Feature", "properties": {"name": "Rue Saint-Ambroise", "kind": "residential"}, "geometry": {"type": "Point", "coordinates": [-71.064309, 48.44138900000001]}}, {"type": "Feature", "properties": {"name": "Rue Saint-Ambroise", "kind": "residential"}, "geometry": {"type": "Point", "coordinates": [-71.0647839, 48.4403022]}}, {"type": "Feature", "properties": {"name": "Rue Saint-Ambroise", "kind": "residential"}, "geometry": {"type": "Point", "coordinates": [-71.0654426, 48.4391607]}}, {"type": "Feature", "properties": {"name": "Rue Saint-André", "kind": "residential"}, "geometry": {"type": "Point", "coordinates": [-71.0712408, 48.441031900000006]}}, {"type": "Feature", "properties": {"name": "Rue Saint-André", "kind": "residential"}, "geometry": {"type": "Point", "coordinates": [-71.071912, 48.44143509999999]}}, {"type": "Feature", "properties": {"name": "Rue Saint-Armand", "kind": "residential"}, "geometry": {"type": "Point", "coordinates": [-71.0914078, 48.445851600000005]}}, {"type": "Feature", "properties": {"name": "Rue Saint-Armand", "kind": "residential"}, "geometry": {"type": "Point", "coordinates": [-71.0858784, 48.44535010000001]}}, {"type": "Feature", "properties": {"name": "Rue Saint-Armand", "kind": "residential"}, "geometry": {"type": "Point", "coordinates": [-71.0869735, 48.4453218]}}, {"type": "Feature", "properties": {"name": "Rue Saint-Armand", "kind": "residential"}, "geometry": {"type": "Point", "coordinates": [-71.0887157, 48.44489559999999]}}, {"type": "Feature", "properties": {"name": "Rue Saint-Armand", "kind": "residential"}, "geometry": {"type": "Point", "coordinates": [-71.0901466, 48.4450756]}}, {"type": "Feature", "properties": {"name": "Rue Saint-Bernard", "kind": "residential"}, "geometry": {"type": "Point", "coordinates": [-71.082638, 48.4497662]}}, {"type": "Feature", "properties": {"name": "Rue Saint-Bruno", "kind": "residential"}, "geometry": {"type": "Point", "coordinates": [-71.064473, 48.4397984]}}, {"type": "Feature", "properties": {"name": "Rue Saint-Calixte", "kind": "residential"}, "geometry": {"type": "Point", "coordinates": [-71.0776092, 48.4397737]}}, {"type": "Feature", "properties": {"name": "Rue Saint-Denis", "kind": "residential"}, "geometry": {"type": "Point", "coordinates": [-71.0877798, 48.4463492]}}, {"type": "Feature", "properties": {"name": "Rue Saint-Denis", "kind": "residential"}, "geometry": {"type": "Point", "coordinates": [-71.0887259, 48.44298340000001]}}, {"type": "Feature", "properties": {"name": "Rue Saint-Denis", "kind": "residential"}, "geometry": {"type": "Point", "coordinates": [-71.0878075, 48.4451071]}}, {"type": "Feature", "properties": {"name": "Rue Saint-Denis", "kind": "residential"}, "geometry": {"type": "Point", "coordinates": [-71.088513, 48.444088500000014]}}, {"type": "Feature", "properties": {"name": "Rue Saint-Gérard", "kind": "residential"}, "geometry": {"type": "Point", "coordinates": [-71.0829258, 48.44905099999999]}}, {"type": "Feature", "properties": {"name": "Rue Saint-Gérard", "kind": "residential"}, "geometry": {"type": "Point", "coordinates": [-71.0847902, 48.448607400000014]}}, {"type": "Feature", "properties": {"name": "Rue Saint-Gérard", "kind": "residential"}, "geometry": {"type": "Point", "coordinates": [-71.0772536, 48.44689410000001]}}, {"type": "Feature", "properties": {"name": "Rue Saint-Gérard", "kind": "residential"}, "geometry": {"type": "Point", "coordinates": [-71.0801134, 48.4461931]}}, {"type": "Feature", "properties": {"name": "Rue Saint-Gérard", "kind": "residential"}, "geometry": {"type": "Point", "coordinates": [-71.0781133, 48.448155100000015]}}, {"type": "Feature", "properties": {"name": "Rue Saint-Gérard", "kind": "residential"}, "geometry": {"type": "Point", "coordinates": [-71.0851402, 48.448426]}}, {"type": "Feature", "properties": {"name": "Rue Saint-Gérard", "kind": "residential"}, "geometry": {"type": "Point", "coordinates": [-71.0805417, 48.449175]}}, {"type": "Feature", "properties": {"name": "Rue Saint-Laurent", "kind": "residential"}, "geometry": {"type": "Point", "coordinates": [-71.0690555, 48.44617250000001]}}, {"type": "Feature", "properties": {"name": "Rue Saint-Marcel", "kind": "residential"}, "geometry": {"type": "Point", "coordinates": [-71.0814552, 48.43932829999999]}}, {"type": "Feature", "properties": {"name": "Rue Saint-Nicolas", "kind": "residential"}, "geometry": {"type": "Point", "coordinates": [-71.0686417, 48.441002400000016]}}, {"type": "Feature", "properties": {"name": "Rue Saint-Nicolas", "kind": "residential"}, "geometry": {"type": "Point", "coordinates": [-71.0683155, 48.442143299999984]}}, {"type": "Feature", "properties": {"name": "Rue Saint-Nicolas", "kind": "residential"}, "geometry": {"type": "Point", "coordinates": [-71.0679856, 48.44286169999999]}}, {"type": "Feature", "properties": {"name": "Rue Saint-Nicolas", "kind": "residential"}, "geometry": {"type": "Point", "coordinates": [-71.0678132, 48.440896400000014]}}, {"type": "Feature", "properties": {"name": "Rue Saint-Sauveur", "kind": "residential"}, "geometry": {"type": "Point", "coordinates": [-71.0944018, 48.451293200000016]}}, {"type": "Feature", "properties": {"name": "Rue Saint-Sauveur", "kind": "residential"}, "geometry": {"type": "Point", "coordinates": [-71.0958241, 48.45073730000001]}}, {"type": "Feature", "properties": {"name": "Rue Saint-Épiphane", "kind": "residential"}, "geometry": {"type": "Point", "coordinates": [-71.0633381, 48.43885510000001]}}, {"type": "Feature", "properties": {"name": "Rue Saint-Étienne", "kind": "residential"}, "geometry": {"type": "Point", "coordinates": [-71.0632791, 48.440753300000004]}}, {"type": "Feature", "properties": {"name": "Rue Saint-Étienne", "kind": "residential"}, "geometry": {"type": "Point", "coordinates": [-71.0629709, 48.44063310000001]}}, {"type": "Feature", "properties": {"name": "Rue Saint-Étienne", "kind": "residential"}, "geometry": {"type": "Point", "coordinates": [-71.0624767, 48.44046990000001]}}, {"type": "Feature", "properties": {"name": "Rue Saint-Étienne", "kind": "residential"}, "geometry": {"type": "Point", "coordinates": [-71.0639597, 48.44092320000001]}}, {"type": "Feature", "properties": {"name": "Rue Sainte-Agathe", "kind": "residential"}, "geometry": {"type": "Point", "coordinates": [-71.0893389, 48.4433046]}}, {"type": "Feature", "properties": {"name": "Rue Sainte-Agnès", "kind": "unclassified"}, "geometry": {"type": "Point", "coordinates": [-71.0973642, 48.45006699999999]}}, {"type": "Feature", "properties": {"name": "Rue Sainte-Catherine", "kind": "residential"}, "geometry": {"type": "Point", "coordinates": [-71.1036254, 48.445375899999995]}}, {"type": "Feature", "properties": {"name": "Rue Sainte-Catherine", "kind": "residential"}, "geometry": {"type": "Point", "coordinates": [-71.1043361, 48.444668300000004]}}, {"type": "Feature", "properties": {"name": "Rue Sainte-Catherine", "kind": "residential"}, "geometry": {"type": "Point", "coordinates": [-71.1035579, 48.446326]}}, {"type": "Feature", "properties": {"name": "Rue Sainte-Catherine", "kind": "residential"}, "geometry": {"type": "Point", "coordinates": [-71.1032788, 48.447498400000015]}}, {"type": "Feature", "properties": {"name": "Rue Sainte-Catherine", "kind": "residential"}, "geometry": {"type": "Point", "coordinates": [-71.1039136, 48.44494120000001]}}, {"type": "Feature", "properties": {"name": "Rue Sainte-Marie Sud", "kind": "unclassified"}, "geometry": {"type": "Point", "coordinates": [-71.0852285, 48.445320200000005]}}, {"type": "Feature", "properties": {"name": "Rue Sainte-Marie Sud", "kind": "residential"}, "geometry": {"type": "Point", "coordinates": [-71.0845812, 48.4431659]}}, {"type": "Feature", "properties": {"name": "Rue Sainte-Marie Sud", "kind": "residential"}, "geometry": {"type": "Point", "coordinates": [-71.0849751, 48.444850100000004]}}, {"type": "Feature", "properties": {"name": "Rue Sainte-Marie Sud", "kind": "residential"}, "geometry": {"type": "Point", "coordinates": [-71.0854175, 48.44639040000002]}}, {"type": "Feature", "properties": {"name": "Rue Sainte-Marie Sud", "kind": "residential"}, "geometry": {"type": "Point", "coordinates": [-71.0854107, 48.44790159999999]}}, {"type": "Feature", "properties": {"name": "Rue Sainte-Élisabeth", "kind": "residential"}, "geometry": {"type": "Point", "coordinates": [-71.079076, 48.439014699999994]}}, {"type": "Feature", "properties": {"name": "Rue Sauvé", "kind": "residential"}, "geometry": {"type": "Point", "coordinates": [-71.0849099, 48.44528720000001]}}, {"type": "Feature", "properties": {"name": "Rue Solange", "kind": "residential"}, "geometry": {"type": "Point", "coordinates": [-71.095585, 48.4441564]}}, {"type": "Feature", "properties": {"name": "Rue Solange", "kind": "residential"}, "geometry": {"type": "Point", "coordinates": [-71.0922124, 48.4445752]}}, {"type": "Feature", "properties": {"name": "Rue Solange", "kind": "residential"}, "geometry": {"type": "Point", "coordinates": [-71.0914038, 48.4450282]}}, {"type": "Feature", "properties": {"name": "Rue Solange", "kind": "residential"}, "geometry": {"type": "Point", "coordinates": [-71.0929221, 48.44424]}}, {"type": "Feature", "properties": {"name": "Rue Solange", "kind": "residential"}, "geometry": {"type": "Point", "coordinates": [-71.0941621, 48.4440106]}}, {"type": "Feature", "properties": {"name": "Rue Talon", "kind": "residential"}, "geometry": {"type": "Point", "coordinates": [-71.0629378, 48.44337610000001]}}, {"type": "Feature", "properties": {"name": "Rue Turenne", "kind": "residential"}, "geometry": {"type": "Point", "coordinates": [-71.0893315, 48.4447074]}}, {"type": "Feature", "properties": {"name": "Rue Vallières", "kind": "unclassified"}, "geometry": {"type": "Point", "coordinates": [-71.0981537, 48.448939200000005]}}, {"type": "Feature", "properties": {"name": "Rue Vallières", "kind": "residential"}, "geometry": {"type": "Point", "coordinates": [-71.0919251, 48.447433700000005]}}, {"type": "Feature", "properties": {"name": "Rue Victor", "kind": "residential"}, "geometry": {"type": "Point", "coordinates": [-71.0720822, 48.44246390000002]}}, {"type": "Feature", "properties": {"name": "Rue Vimont", "kind": "residential"}, "geometry": {"type": "Point", "coordinates": [-71.0647574, 48.45577789999999]}}, {"type": "Feature", "properties": {"name": "Rue Vimont", "kind": "residential"}, "geometry": {"type": "Point", "coordinates": [-71.0631769, 48.45547690000002]}}, {"type": "Feature", "properties": {"name": "Rue Vimont", "kind": "residential"}, "geometry": {"type": "Point", "coordinates": [-71.0660731, 48.4557048]}}, {"type": "Feature", "properties": {"name": "Rue Yvonne", "kind": "residential"}, "geometry": {"type": "Point", "coordinates": [-71.117871, 48.4574294]}}, {"type": "Feature", "properties": {"name": "Rue de Beloeil", "kind": "residential"}, "geometry": {"type": "Point", "coordinates": [-71.0648663, 48.43952930000001]}}, {"type": "Feature", "properties": {"name": "Rue de Beloeil", "kind": "residential"}, "geometry": {"type": "Point", "coordinates": [-71.064459, 48.4394521]}}, {"type": "Feature", "properties": {"name": "Rue de Beloeil", "kind": "residential"}, "geometry": {"type": "Point", "coordinates": [-71.0656278, 48.43941780000001]}}, {"type": "Feature", "properties": {"name": "Rue de Boischatel", "kind": "residential"}, "geometry": {"type": "Point", "coordinates": [-71.0690225, 48.45010990000001]}}, {"type": "Feature", "properties": {"name": "Rue de Boischatel", "kind": "residential"}, "geometry": {"type": "Point", "coordinates": [-71.064476, 48.4529773]}}, {"type": "Feature", "properties": {"name": "Rue de Boischatel", "kind": "residential"}, "geometry": {"type": "Point", "coordinates": [-71.0654467, 48.45183910000001]}}, {"type": "Feature", "properties": {"name": "Rue de Boischatel", "kind": "residential"}, "geometry": {"type": "Point", "coordinates": [-71.0647813, 48.452367200000005]}}, {"type": "Feature", "properties": {"name": "Rue de Boischatel", "kind": "residential"}, "geometry": {"type": "Point", "coordinates": [-71.0665045, 48.451316399999996]}}, {"type": "Feature", "properties": {"name": "Rue de Boischatel", "kind": "residential"}, "geometry": {"type": "Point", "coordinates": [-71.067457, 48.450934200000006]}}, {"type": "Feature", "properties": {"name": "Rue de Boulogne", "kind": "residential"}, "geometry": {"type": "Point", "coordinates": [-71.0662319, 48.45186780000001]}}, {"type": "Feature", "properties": {"name": "Rue de Boulogne", "kind": "residential"}, "geometry": {"type": "Point", "coordinates": [-71.0685866, 48.4526349]}}, {"type": "Feature", "properties": {"name": "Rue de Boulogne", "kind": "residential"}, "geometry": {"type": "Point", "coordinates": [-71.0674817, 48.452379300000004]}}, {"type": "Feature", "properties": {"name": "Rue de Boulogne", "kind": "residential"}, "geometry": {"type": "Point", "coordinates": [-71.065183, 48.4514719]}}, {"type": "Feature", "properties": {"name": "Rue du Carillon", "kind": "residential"}, "geometry": {"type": "Point", "coordinates": [-71.0730897, 48.440388]}}, {"type": "Feature", "properties": {"name": "Rue du Carillon", "kind": "residential"}, "geometry": {"type": "Point", "coordinates": [-71.0735097, 48.4386816]}}, {"type": "Feature", "properties": {"name": "Rue de Chantilly", "kind": "residential"}, "geometry": {"type": "Point", "coordinates": [-71.0677966, 48.4453597]}}, {"type": "Feature", "properties": {"name": "Rue de Courcelette", "kind": "residential"}, "geometry": {"type": "Point", "coordinates": [-71.1016208, 48.4479989]}}, {"type": "Feature", "properties": {"name": "Rue de Courcelette", "kind": "residential"}, "geometry": {"type": "Point", "coordinates": [-71.1017663, 48.446360899999995]}}, {"type": "Feature", "properties": {"name": "Rue de Dieppe", "kind": "residential"}, "geometry": {"type": "Point", "coordinates": [-71.0839154, 48.4465382]}}, {"type": "Feature", "properties": {"name": "Rue de Nancy", "kind": "residential"}, "geometry": {"type": "Point", "coordinates": [-71.0645531, 48.4563749]}}, {"type": "Feature", "properties": {"name": "Rue de l'Aréna", "kind": "residential"}, "geometry": {"type": "Point", "coordinates": [-71.0742322, 48.4478593]}}, {"type": "Feature", "properties": {"name": "Rue de la Croix", "kind": "residential"}, "geometry": {"type": "Point", "coordinates": [-71.082657, 48.4405539]}}, {"type": "Feature", "properties": {"name": "Rue de la Forêt-Noire", "kind": "residential"}, "geometry": {"type": "Point", "coordinates": [-71.0915595, 48.443651300000006]}}, {"type": "Feature", "properties": {"name": "Rue de la Liberté", "kind": "residential"}, "geometry": {"type": "Point", "coordinates": [-71.069653, 48.438062699999996]}}, {"type": "Feature", "properties": {"name": "Rue de la Paix", "kind": "unclassified"}, "geometry": {"type": "Point", "coordinates": [-71.0732863, 48.437530900000006]}}, {"type": "Feature", "properties": {"name": "Rue de la Promenade", "kind": "unclassified"}, "geometry": {"type": "Point", "coordinates": [-71.0778897, 48.4462436]}}, {"type": "Feature", "properties": {"name": "Rue de la Rose", "kind": "residential"}, "geometry": {"type": "Point", "coordinates": [-71.1141872, 48.4585313]}}, {"type": "Feature", "properties": {"name": "Rue de la Terrasse-du-Fjord", "kind": "residential"}, "geometry": {"type": "Point", "coordinates": [-71.1019444, 48.4445565]}}, {"type": "Feature", "properties": {"name": "Rue de la Victoire", "kind": "residential"}, "geometry": {"type": "Point", "coordinates": [-71.0627602, 48.441433700000005]}}, {"type": "Feature", "properties": {"name": "Rue de la Victoire", "kind": "residential"}, "geometry": {"type": "Point", "coordinates": [-71.06399490000001, 48.43829559999999]}}, {"type": "Feature", "properties": {"name": "Rue de la Victoire", "kind": "residential"}, "geometry": {"type": "Point", "coordinates": [-71.0633496, 48.4397593]}}, {"type": "Feature", "properties": {"name": "Rue des Ancolies", "kind": "residential"}, "geometry": {"type": "Point", "coordinates": [-71.1151698, 48.45643859999999]}}, {"type": "Feature", "properties": {"name": "Rue des Ancolies", "kind": "residential"}, "geometry": {"type": "Point", "coordinates": [-71.1154543, 48.45650109999999]}}, {"type": "Feature", "properties": {"name": "Rue des Ardennes", "kind": "residential"}, "geometry": {"type": "Point", "coordinates": [-71.103505, 48.44426210000001]}}, {"type": "Feature", "properties": {"name": "Rue des Ardennes", "kind": "residential"}, "geometry": {"type": "Point", "coordinates": [-71.1026773, 48.44421029999999]}}, {"type": "Feature", "properties": {"name": "Rue des Ardennes", "kind": "residential"}, "geometry": {"type": "Point", "coordinates": [-71.1026877, 48.44423900000001]}}, {"type": "Feature", "properties": {"name": "Rue des Bouleaux", "kind": "residential"}, "geometry": {"type": "Point", "coordinates": [-71.0716596, 48.4380944]}}, {"type": "Feature", "properties": {"name": "Rue des Capucines", "kind": "residential"}, "geometry": {"type": "Point", "coordinates": [-71.1148306, 48.45722790000002]}}, {"type": "Feature", "properties": {"name": "Rue des Capucines", "kind": "residential"}, "geometry": {"type": "Point", "coordinates": [-71.1151018, 48.457274599999984]}}, {"type": "Feature", "properties": {"name": "Rue des Champs", "kind": "residential"}, "geometry": {"type": "Point", "coordinates": [-71.0754971, 48.43955260000001]}}, {"type": "Feature", "properties": {"name": "Rue des Champs", "kind": "residential"}, "geometry": {"type": "Point", "coordinates": [-71.0715464, 48.44335529999999]}}, {"type": "Feature", "properties": {"name": "Rue des Champs", "kind": "tertiary"}, "geometry": {"type": "Point", "coordinates": [-71.0740983, 48.441805300000006]}}, {"type": "Feature", "properties": {"name": "Rue des Champs", "kind": "tertiary"}, "geometry": {"type": "Point", "coordinates": [-71.0719036, 48.44297400000003]}}, {"type": "Feature", "properties": {"name": "Rue des Champs", "kind": "tertiary"}, "geometry": {"type": "Point", "coordinates": [-71.0711453, 48.4433477]}}, {"type": "Feature", "properties": {"name": "Rue des Champs", "kind": "residential"}, "geometry": {"type": "Point", "coordinates": [-71.0743876, 48.441008100000005]}}, {"type": "Feature", "properties": {"name": "Rue des Champs", "kind": "tertiary"}, "geometry": {"type": "Point", "coordinates": [-71.073217, 48.4423056]}}, {"type": "Feature", "properties": {"name": "Rue des Champs", "kind": "tertiary"}, "geometry": {"type": "Point", "coordinates": [-71.0739014, 48.441935200000025]}}, {"type": "Feature", "properties": {"name": "Rue des Champs", "kind": "tertiary"}, "geometry": {"type": "Point", "coordinates": [-71.0705153, 48.44361899999999]}}, {"type": "Feature", "properties": {"name": "Rue des Glaïeuls", "kind": "residential"}, "geometry": {"type": "Point", "coordinates": [-71.0714438, 48.438771300000006]}}, {"type": "Feature", "properties": {"name": "Rue des Hydrangées", "kind": "residential"}, "geometry": {"type": "Point", "coordinates": [-71.0720281, 48.439896300000015]}}, {"type": "Feature", "properties": {"name": "Rue des Iris", "kind": "residential"}, "geometry": {"type": "Point", "coordinates": [-71.071686, 48.43935849999999]}}, {"type": "Feature", "properties": {"name": "Rue des Myosotis", "kind": "residential"}, "geometry": {"type": "Point", "coordinates": [-71.1137399, 48.456959399999995]}}, {"type": "Feature", "properties": {"name": "Rue des Myosotis", "kind": "residential"}, "geometry": {"type": "Point", "coordinates": [-71.1144044, 48.4564902]}}, {"type": "Feature", "properties": {"name": "Rue des Potentilles", "kind": "residential"}, "geometry": {"type": "Point", "coordinates": [-71.1031218, 48.45575760000001]}}, {"type": "Feature", "properties": {"name": "Rue des Saules", "kind": "residential"}, "geometry": {"type": "Point", "coordinates": [-71.0949784, 48.447559299999995]}}, {"type": "Feature", "properties": {"name": "Rue des Saules", "kind": "residential"}, "geometry": {"type": "Point", "coordinates": [-71.0954554, 48.447163399999994]}}, {"type": "Feature", "properties": {"name": "Rue des Saules", "kind": "residential"}, "geometry": {"type": "Point", "coordinates": [-71.0944191, 48.44656560000001]}}, {"type": "Feature", "properties": {"name": "Rue des Tournesols", "kind": "residential"}, "geometry": {"type": "Point", "coordinates": [-71.1028442, 48.454997399999996]}}, {"type": "Feature", "properties": {"name": "Rue des Épervières", "kind": "residential"}, "geometry": {"type": "Point", "coordinates": [-71.1055819, 48.455299000000004]}}, {"type": "Feature", "properties": {"name": "Rue des Épervières", "kind": "residential"}, "geometry": {"type": "Point", "coordinates": [-71.1016494, 48.457499800000015]}}, {"type": "Feature", "properties": {"name": "Rue du Boisclair", "kind": "residential"}, "geometry": {"type": "Point", "coordinates": [-71.0668871, 48.45084949999998]}}, {"type": "Feature", "properties": {"name": "Rue du Boisclair", "kind": "residential"}, "geometry": {"type": "Point", "coordinates": [-71.0665574, 48.450591200000005]}}, {"type": "Feature", "properties": {"name": "Rue du Boisclair", "kind": "residential"}, "geometry": {"type": "Point", "coordinates": [-71.0665377, 48.450637400000005]}}, {"type": "Feature", "properties": {"name": "Rue du Cap", "kind": "residential"}, "geometry": {"type": "Point", "coordinates": [-71.0845837, 48.4400991]}}, {"type": "Feature", "properties": {"name": "Rue du Cap", "kind": "residential"}, "geometry": {"type": "Point", "coordinates": [-71.0841654, 48.439779099999996]}}, {"type": "Feature", "properties": {"name": "Rue du Cap", "kind": "residential"}, "geometry": {"type": "Point", "coordinates": [-71.0833943, 48.4407749]}}, {"type": "Feature", "properties": {"name": "Rue du Cardinal", "kind": "residential"}, "geometry": {"type": "Point", "coordinates": [-71.0678652, 48.447288700000016]}}, {"type": "Feature", "properties": {"name": "Rue du Carignan", "kind": "residential"}, "geometry": {"type": "Point", "coordinates": [-71.0683541, 48.446593]}}, {"type": "Feature", "properties": {"name": "Rue du Liseron", "kind": "residential"}, "geometry": {"type": "Point", "coordinates": [-71.1135563, 48.4585043]}}, {"type": "Feature", "properties": {"name": "Rue du Liseron", "kind": "unclassified"}, "geometry": {"type": "Point", "coordinates": [-71.1139179, 48.458843900000005]}}, {"type": "Feature", "properties": {"name": "Rue du Liseron", "kind": "residential"}, "geometry": {"type": "Point", "coordinates": [-71.1121792, 48.457817299999995]}}, {"type": "Feature", "properties": {"name": "Rue du Ruisseau", "kind": "residential"}, "geometry": {"type": "Point", "coordinates": [-71.0671325, 48.4483016]}}, {"type": "Feature", "properties": {"name": "Rue Élie", "kind": "residential"}, "geometry": {"type": "Point", "coordinates": [-71.1192045, 48.45753810000001]}}, {"type": "Feature", "properties": {"name": "Rue Élie", "kind": "residential"}, "geometry": {"type": "Point", "coordinates": [-71.1186743, 48.457664900000005]}}, {"type": "Feature", "properties": {"name": "Rue Éric", "kind": "residential"}, "geometry": {"type": "Point", "coordinates": [-71.0929767, 48.445845800000015]}}, {"type": "Feature", "properties": {"name": "Rue Delisle", "kind": "residential"}, "geometry": {"type": "Point", "coordinates": [-71.0709779, 48.443539799999996]}}, {"type": "Feature", "properties": {"name": "Rue des Cygnes", "kind": "residential"}, "geometry": {"type": "Point", "coordinates": [-71.0631746, 48.39567120000001]}}, {"type": "Feature", "properties": {"name": "Rue des Arlequins", "kind": "residential"}, "geometry": {"type": "Point", "coordinates": [-71.0560497, 48.391936]}}, {"type": "Feature", "properties": {"name": "Rue des Jaseurs", "kind": "residential"}, "geometry": {"type": "Point", "coordinates": [-71.0480606, 48.38971960000002]}}, {"type": "Feature", "properties": {"name": "Rue des Albatros", "kind": "residential"}, "geometry": {"type": "Point", "coordinates": [-71.0449361, 48.3888711]}}, {"type": "Feature", "properties": {"name": "Rue des Aigles", "kind": "residential"}, "geometry": {"type": "Point", "coordinates": [-71.0498004, 48.3903458]}}, {"type": "Feature", "properties": {"name": "Rue des Bruants", "kind": "residential"}, "geometry": {"type": "Point", "coordinates": [-71.0538652, 48.3907704]}}, {"type": "Feature", "properties": {"name": "Rue de la Riviera", "kind": "residential"}, "geometry": {"type": "Point", "coordinates": [-71.0564764, 48.450114800000016]}}, {"type": "Feature", "properties": {"name": "Rue Alice", "kind": "residential"}, "geometry": {"type": "Point", "coordinates": [-71.0202904, 48.453644399999995]}}, {"type": "Feature", "properties": {"name": "Rue Alice", "kind": "residential"}, "geometry": {"type": "Point", "coordinates": [-71.0212694, 48.45309739999999]}}, {"type": "Feature", "properties": {"name": "Rue Anna", "kind": "residential"}, "geometry": {"type": "Point", "coordinates": [-71.0196253, 48.451738199999994]}}, {"type": "Feature", "properties": {"name": "Rue Colinette", "kind": "residential"}, "geometry": {"type": "Point", "coordinates": [-71.0205725, 48.4541318]}}, {"type": "Feature", "properties": {"name": "Rue Colinette", "kind": "residential"}, "geometry": {"type": "Point", "coordinates": [-71.0190482, 48.453482799999996]}}, {"type": "Feature", "properties": {"name": "Rue Justine", "kind": "residential"}, "geometry": {"type": "Point", "coordinates": [-71.0219144, 48.4515112]}}, {"type": "Feature", "properties": {"name": "Rue Justine", "kind": "residential"}, "geometry": {"type": "Point", "coordinates": [-71.0186706, 48.452587400000006]}}, {"type": "Feature", "properties": {"name": "Rue Justine", "kind": "residential"}, "geometry": {"type": "Point", "coordinates": [-71.0203681, 48.4522846]}}, {"type": "Feature", "properties": {"name": "Boulevard de Tadoussac", "kind": "primary"}, "geometry": {"type": "Point", "coordinates": [-71.0478821, 48.44321920000001]}}, {"type": "Feature", "properties": {"name": "Boulevard de Tadoussac", "kind": "primary"}, "geometry": {"type": "Point", "coordinates": [-71.0581007, 48.4415903]}}, {"type": "Feature", "properties": {"name": "Boulevard de Tadoussac", "kind": "primary"}, "geometry": {"type": "Point", "coordinates": [-71.0505012, 48.44225620000001]}}, {"type": "Feature", "properties": {"name": "Boulevard de Tadoussac", "kind": "primary"}, "geometry": {"type": "Point", "coordinates": [-71.0548514, 48.44153340000001]}}, {"type": "Feature", "properties": {"name": "Boulevard de Tadoussac", "kind": "primary"}, "geometry": {"type": "Point", "coordinates": [-71.0292064, 48.4445632]}}, {"type": "Feature", "properties": {"name": "Boulevard de Tadoussac", "kind": "primary"}, "geometry": {"type": "Point", "coordinates": [-71.0457905, 48.443722400000006]}}, {"type": "Feature", "properties": {"name": "Boulevard de Tadoussac", "kind": "primary"}, "geometry": {"type": "Point", "coordinates": [-71.0357104, 48.4442557]}}, {"type": "Feature", "properties": {"name": "Boulevard de Tadoussac", "kind": "primary"}, "geometry": {"type": "Point", "coordinates": [-71.04338, 48.4439752]}}, {"type": "Feature", "properties": {"name": "Boulevard de Tadoussac", "kind": "primary"}, "geometry": {"type": "Point", "coordinates": [-71.05394, 48.4413506]}}, {"type": "Feature", "properties": {"name": "Boulevard de Tadoussac", "kind": "primary"}, "geometry": {"type": "Point", "coordinates": [-71.032845, 48.44387699999999]}}, {"type": "Feature", "properties": {"name": "Boulevard de Tadoussac", "kind": "primary"}, "geometry": {"type": "Point", "coordinates": [-71.0559218, 48.44174949999999]}}, {"type": "Feature", "properties": {"name": "Boulevard de Tadoussac", "kind": "primary"}, "geometry": {"type": "Point", "coordinates": [-71.0601176, 48.44101799999999]}}, {"type": "Feature", "properties": {"name": "Boulevard de Tadoussac", "kind": "primary"}, "geometry": {"type": "Point", "coordinates": [-71.03933790000002, 48.444342]}}, {"type": "Feature", "properties": {"name": "Chemin Raymond", "kind": "unclassified"}, "geometry": {"type": "Point", "coordinates": [-71.0252668, 48.46593430000001]}}, {"type": "Feature", "properties": {"name": "Chemin Raymond", "kind": "unclassified"}, "geometry": {"type": "Point", "coordinates": [-71.0362159, 48.453629400000004]}}, {"type": "Feature", "properties": {"name": "Chemin Raymond", "kind": "unclassified"}, "geometry": {"type": "Point", "coordinates": [-71.029216, 48.4604275]}}, {"type": "Feature", "properties": {"name": "Chemin Raymond", "kind": "unclassified"}, "geometry": {"type": "Point", "coordinates": [-71.025484, 48.46303819999998]}}, {"type": "Feature", "properties": {"name": "Chemin Raymond", "kind": "unclassified"}, "geometry": {"type": "Point", "coordinates": [-71.0381742, 48.4488243]}}, {"type": "Feature", "properties": {"name": "Chemin Raymond", "kind": "unclassified"}, "geometry": {"type": "Point", "coordinates": [-71.0343093, 48.45822979999999]}}, {"type": "Feature", "properties": {"name": "Chemin de la Caribou", "kind": "unclassified"}, "geometry": {"type": "Point", "coordinates": [-71.0420787, 48.463181000000006]}}, {"type": "Feature", "properties": {"name": "Chemin de la Caribou", "kind": "unclassified"}, "geometry": {"type": "Point", "coordinates": [-71.0350682, 48.45917900000001]}}, {"type": "Feature", "properties": {"name": "Chemin des Villas", "kind": "unclassified"}, "geometry": {"type": "Point", "coordinates": [-71.0037603, 48.44257459999999]}}, {"type": "Feature", "properties": {"name": "Route de Tadoussac", "kind": "primary"}, "geometry": {"type": "Point", "coordinates": [-71.0095683, 48.4561514]}}, {"type": "Feature", "properties": {"name": "Route de Tadoussac", "kind": "primary"}, "geometry": {"type": "Point", "coordinates": [-71.0109786, 48.455552]}}, {"type": "Feature", "properties": {"name": "Route de Tadoussac", "kind": "primary"}, "geometry": {"type": "Point", "coordinates": [-71.0190338, 48.45046130000001]}}, {"type": "Feature", "properties": {"name": "Route de Tadoussac", "kind": "primary"}, "geometry": {"type": "Point", "coordinates": [-70.9934783, 48.46094399999999]}}, {"type": "Feature", "properties": {"name": "Route de Tadoussac", "kind": "primary"}, "geometry": {"type": "Point", "coordinates": [-71.0051772, 48.45803010000001]}}, {"type": "Feature", "properties": {"name": "Rue Adam", "kind": "residential"}, "geometry": {"type": "Point", "coordinates": [-71.0411597, 48.447935300000005]}}, {"type": "Feature", "properties": {"name": "Rue Adam", "kind": "residential"}, "geometry": {"type": "Point", "coordinates": [-71.0467834, 48.4493893]}}, {"type": "Feature", "properties": {"name": "Rue Adrien", "kind": "residential"}, "geometry": {"type": "Point", "coordinates": [-71.0529715, 48.43886870000001]}}, {"type": "Feature", "properties": {"name": "Rue Alice", "kind": "residential"}, "geometry": {"type": "Point", "coordinates": [-71.0212694, 48.45321830000001]}}, {"type": "Feature", "properties": {"name": "Rue Alice", "kind": "residential"}, "geometry": {"type": "Point", "coordinates": [-71.0215515, 48.45363139999999]}}, {"type": "Feature", "properties": {"name": "Rue Baron", "kind": "residential"}, "geometry": {"type": "Point", "coordinates": [-71.0465235, 48.44797160000001]}}, {"type": "Feature", "properties": {"name": "Rue Boileau", "kind": "residential"}, "geometry": {"type": "Point", "coordinates": [-71.0537272, 48.4429717]}}, {"type": "Feature", "properties": {"name": "Rue Boucher", "kind": "residential"}, "geometry": {"type": "Point", "coordinates": [-71.0588648, 48.4573257]}}, {"type": "Feature", "properties": {"name": "Rue Briand", "kind": "residential"}, "geometry": {"type": "Point", "coordinates": [-71.0596656, 48.4554797]}}, {"type": "Feature", "properties": {"name": "Rue Brûlé", "kind": "residential"}, "geometry": {"type": "Point", "coordinates": [-71.0471935, 48.44725329999999]}}, {"type": "Feature", "properties": {"name": "Rue Buies", "kind": "unclassified"}, "geometry": {"type": "Point", "coordinates": [-71.0454552, 48.43776580000001]}}, {"type": "Feature", "properties": {"name": "Rue Caroline", "kind": "residential"}, "geometry": {"type": "Point", "coordinates": [-71.053059, 48.4559748]}}, {"type": "Feature", "properties": {"name": "Rue Caroline", "kind": "residential"}, "geometry": {"type": "Point", "coordinates": [-71.05428650000002, 48.456216899999994]}}, {"type": "Feature", "properties": {"name": "Rue Caroline", "kind": "residential"}, "geometry": {"type": "Point", "coordinates": [-71.05539320000001, 48.4564139]}}, {"type": "Feature", "properties": {"name": "Rue Caroline", "kind": "residential"}, "geometry": {"type": "Point", "coordinates": [-71.057677, 48.456677599999985]}}, {"type": "Feature", "properties": {"name": "Rue Caroline", "kind": "residential"}, "geometry": {"type": "Point", "coordinates": [-71.0562693, 48.4564972]}}, {"type": "Feature", "properties": {"name": "Rue Caroline", "kind": "residential"}, "geometry": {"type": "Point", "coordinates": [-71.0522231, 48.4557844]}}, {"type": "Feature", "properties": {"name": "Rue Catherina", "kind": "residential"}, "geometry": {"type": "Point", "coordinates": [-71.0364904, 48.440273]}}, {"type": "Feature", "properties": {"name": "Rue Catherina", "kind": "residential"}, "geometry": {"type": "Point", "coordinates": [-71.036229, 48.440502900000006]}}, {"type": "Feature", "properties": {"name": "Rue Chantale", "kind": "residential"}, "geometry": {"type": "Point", "coordinates": [-71.0512075, 48.4585457]}}, {"type": "Feature", "properties": {"name": "Rue Charles-Nolan", "kind": "residential"}, "geometry": {"type": "Point", "coordinates": [-71.04926490000001, 48.44914260000001]}}, {"type": "Feature", "properties": {"name": "Rue Claudel", "kind": "residential"}, "geometry": {"type": "Point", "coordinates": [-71.0366681, 48.4460988]}}, {"type": "Feature", "properties": {"name": "Rue Claudel", "kind": "residential"}, "geometry": {"type": "Point", "coordinates": [-71.0361842, 48.447084]}}, {"type": "Feature", "properties": {"name": "Rue Clovis", "kind": "residential"}, "geometry": {"type": "Point", "coordinates": [-71.0591113, 48.4555429]}}, {"type": "Feature", "properties": {"name": "Rue Clovis", "kind": "residential"}, "geometry": {"type": "Point", "coordinates": [-71.0599716, 48.45358830000001]}}, {"type": "Feature", "properties": {"name": "Rue Clément", "kind": "residential"}, "geometry": {"type": "Point", "coordinates": [-71.0556722, 48.4380103]}}, {"type": "Feature", "properties": {"name": "Rue Colbert", "kind": "residential"}, "geometry": {"type": "Point", "coordinates": [-71.0548588, 48.442149900000004]}}, {"type": "Feature", "properties": {"name": "Rue Colinette", "kind": "residential"}, "geometry": {"type": "Point", "coordinates": [-71.0221116, 48.454015300000016]}}, {"type": "Feature", "properties": {"name": "Rue Colinette", "kind": "residential"}, "geometry": {"type": "Point", "coordinates": [-71.0227097, 48.4538809]}}, {"type": "Feature", "properties": {"name": "Rue Comtois", "kind": "residential"}, "geometry": {"type": "Point", "coordinates": [-71.0590659, 48.448419200000004]}}, {"type": "Feature", "properties": {"name": "Rue Cyprien", "kind": "residential"}, "geometry": {"type": "Point", "coordinates": [-71.0534202, 48.438763099999996]}}, {"type": "Feature", "properties": {"name": "Rue Daudet", "kind": "residential"}, "geometry": {"type": "Point", "coordinates": [-71.0486007, 48.445024199999985]}}, {"type": "Feature", "properties": {"name": "Rue De Bienville", "kind": "residential"}, "geometry": {"type": "Point", "coordinates": [-71.0575329, 48.43990109999999]}}, {"type": "Feature", "properties": {"name": "Rue De Bienville", "kind": "residential"}, "geometry": {"type": "Point", "coordinates": [-71.0568958, 48.44003699999999]}}, {"type": "Feature", "properties": {"name": "Rue De Gaulle", "kind": "residential"}, "geometry": {"type": "Point", "coordinates": [-71.0475524, 48.44847059999999]}}, {"type": "Feature", "properties": {"name": "Rue Diana", "kind": "residential"}, "geometry": {"type": "Point", "coordinates": [-71.0367788, 48.440154799999995]}}, {"type": "Feature", "properties": {"name": "Rue Diana", "kind": "residential"}, "geometry": {"type": "Point", "coordinates": [-71.040173, 48.441012]}}, {"type": "Feature", "properties": {"name": "Rue Diana", "kind": "residential"}, "geometry": {"type": "Point", "coordinates": [-71.0394833, 48.440895100000006]}}, {"type": "Feature", "properties": {"name": "Rue Diana", "kind": "residential"}, "geometry": {"type": "Point", "coordinates": [-71.0390062, 48.44080180000001]}}, {"type": "Feature", "properties": {"name": "Rue Diana", "kind": "residential"}, "geometry": {"type": "Point", "coordinates": [-71.0411305, 48.44118840000001]}}, {"type": "Feature", "properties": {"name": "Rue Diana", "kind": "residential"}, "geometry": {"type": "Point", "coordinates": [-71.0361538, 48.4398662]}}, {"type": "Feature", "properties": {"name": "Rue Diana", "kind": "residential"}, "geometry": {"type": "Point", "coordinates": [-71.0378041, 48.440472500000006]}}, {"type": "Feature", "properties": {"name": "Rue Dolbec", "kind": "residential"}, "geometry": {"type": "Point", "coordinates": [-71.0535639, 48.45294439999999]}}, {"type": "Feature", "properties": {"name": "Rue Emma", "kind": "residential"}, "geometry": {"type": "Point", "coordinates": [-71.0491829, 48.4456527]}}, {"type": "Feature", "properties": {"name": "Rue Fabre", "kind": "residential"}, "geometry": {"type": "Point", "coordinates": [-71.0569589, 48.45352090000001]}}, {"type": "Feature", "properties": {"name": "Rue Fabre", "kind": "residential"}, "geometry": {"type": "Point", "coordinates": [-71.0572777, 48.45291279999999]}}, {"type": "Feature", "properties": {"name": "Rue Fauteux", "kind": "residential"}, "geometry": {"type": "Point", "coordinates": [-71.0540841, 48.4525324]}}, {"type": "Feature", "properties": {"name": "Rue Fauteux", "kind": "residential"}, "geometry": {"type": "Point", "coordinates": [-71.0552881, 48.45310700000002]}}, {"type": "Feature", "properties": {"name": "Rue Fauteux", "kind": "residential"}, "geometry": {"type": "Point", "coordinates": [-71.053471, 48.45238779999999]}}, {"type": "Feature", "properties": {"name": "Rue Gouin", "kind": "residential"}, "geometry": {"type": "Point", "coordinates": [-71.040267, 48.44619699999999]}}, {"type": "Feature", "properties": {"name": "Rue Gravel", "kind": "residential"}, "geometry": {"type": "Point", "coordinates": [-71.0589112, 48.454983500000004]}}, {"type": "Feature", "properties": {"name": "Rue Guy", "kind": "residential"}, "geometry": {"type": "Point", "coordinates": [-71.053852, 48.452102600000025]}}, {"type": "Feature", "properties": {"name": "Rue Isabelle", "kind": "residential"}, "geometry": {"type": "Point", "coordinates": [-71.0516004, 48.45789109999999]}}, {"type": "Feature", "properties": {"name": "Rue Isabelle", "kind": "residential"}, "geometry": {"type": "Point", "coordinates": [-71.0521433, 48.45852270000001]}}, {"type": "Feature", "properties": {"name": "Rue Isabelle", "kind": "residential"}, "geometry": {"type": "Point", "coordinates": [-71.0514415, 48.45929590000001]}}, {"type": "Feature", "properties": {"name": "Rue Jogues", "kind": "residential"}, "geometry": {"type": "Point", "coordinates": [-71.0442883, 48.441770799999986]}}, {"type": "Feature", "properties": {"name": "Rue Jogues", "kind": "residential"}, "geometry": {"type": "Point", "coordinates": [-71.0467411, 48.441464700000004]}}, {"type": "Feature", "properties": {"name": "Rue Johanna", "kind": "residential"}, "geometry": {"type": "Point", "coordinates": [-71.0410833, 48.440205899999995]}}, {"type": "Feature", "properties": {"name": "Rue Julie", "kind": "residential"}, "geometry": {"type": "Point", "coordinates": [-71.053724, 48.45727599999999]}}, {"type": "Feature", "properties": {"name": "Rue Labelle", "kind": "residential"}, "geometry": {"type": "Point", "coordinates": [-71.0570544, 48.455857400000006]}}, {"type": "Feature", "properties": {"name": "Rue Labelle", "kind": "residential"}, "geometry": {"type": "Point", "coordinates": [-71.0575324, 48.454240799999994]}}, {"type": "Feature", "properties": {"name": "Rue Labonté", "kind": "residential"}, "geometry": {"type": "Point", "coordinates": [-71.0482336, 48.43831620000001]}}, {"type": "Feature", "properties": {"name": "Rue Lacolle", "kind": "residential"}, "geometry": {"type": "Point", "coordinates": [-71.0496385, 48.44835789999999]}}, {"type": "Feature", "properties": {"name": "Rue Lacordaire", "kind": "residential"}, "geometry": {"type": "Point", "coordinates": [-71.0520443, 48.45481369999999]}}, {"type": "Feature", "properties": {"name": "Rue Lacordaire", "kind": "residential"}, "geometry": {"type": "Point", "coordinates": [-71.0524951, 48.453550299999996]}}, {"type": "Feature", "properties": {"name": "Rue Lacordaire", "kind": "residential"}, "geometry": {"type": "Point", "coordinates": [-71.0529509, 48.452750099999996]}}, {"type": "Feature", "properties": {"name": "Rue Lajeunesse", "kind": "residential"}, "geometry": {"type": "Point", "coordinates": [-71.05555030000001, 48.44629220000001]}}, {"type": "Feature", "properties": {"name": "Rue Lambert", "kind": "residential"}, "geometry": {"type": "Point", "coordinates": [-71.0541499, 48.453739500000005]}}, {"type": "Feature", "properties": {"name": "Rue Lambert", "kind": "residential"}, "geometry": {"type": "Point", "coordinates": [-71.056387, 48.4536727]}}, {"type": "Feature", "properties": {"name": "Rue Laniel", "kind": "residential"}, "geometry": {"type": "Point", "coordinates": [-71.0550999, 48.439921699999985]}}, {"type": "Feature", "properties": {"name": "Rue Laurencia", "kind": "residential"}, "geometry": {"type": "Point", "coordinates": [-71.0387824, 48.4405643]}}, {"type": "Feature", "properties": {"name": "Rue Laurencia", "kind": "residential"}, "geometry": {"type": "Point", "coordinates": [-71.0388565, 48.44027019999999]}}, {"type": "Feature", "properties": {"name": "Rue Louvois", "kind": "residential"}, "geometry": {"type": "Point", "coordinates": [-71.0467068, 48.4403878]}}, {"type": "Feature", "properties": {"name": "Rue Louvois", "kind": "residential"}, "geometry": {"type": "Point", "coordinates": [-71.0470101, 48.439734699999995]}}, {"type": "Feature", "properties": {"name": "Rue Louvois", "kind": "residential"}, "geometry": {"type": "Point", "coordinates": [-71.0464041, 48.4410353]}}, {"type": "Feature", "properties": {"name": "Rue Madeleine", "kind": "residential"}, "geometry": {"type": "Point", "coordinates": [-71.0443042, 48.4468631]}}, {"type": "Feature", "properties": {"name": "Rue Marco", "kind": "residential"}, "geometry": {"type": "Point", "coordinates": [-71.0506976, 48.4605227]}}, {"type": "Feature", "properties": {"name": "Rue Marco", "kind": "residential"}, "geometry": {"type": "Point", "coordinates": [-71.0506995, 48.45791419999999]}}, {"type": "Feature", "properties": {"name": "Rue Marco", "kind": "residential"}, "geometry": {"type": "Point", "coordinates": [-71.05170900000002, 48.45673279999998]}}, {"type": "Feature", "properties": {"name": "Rue Marco", "kind": "residential"}, "geometry": {"type": "Point", "coordinates": [-71.0503281, 48.4592476]}}, {"type": "Feature", "properties": {"name": "Rue Monseigneur-Laval", "kind": "residential"}, "geometry": {"type": "Point", "coordinates": [-71.0512349, 48.4432717]}}, {"type": "Feature", "properties": {"name": "Rue Monseigneur-Laval", "kind": "residential"}, "geometry": {"type": "Point", "coordinates": [-71.05314240000001, 48.443803599999995]}}, {"type": "Feature", "properties": {"name": "Rue Normand", "kind": "residential"}, "geometry": {"type": "Point", "coordinates": [-71.0501391, 48.4603549]}}, {"type": "Feature", "properties": {"name": "Rue Normand", "kind": "residential"}, "geometry": {"type": "Point", "coordinates": [-71.0498735, 48.460525499999996]}}, {"type": "Feature", "properties": {"name": "Rue Normand", "kind": "residential"}, "geometry": {"type": "Point", "coordinates": [-71.0498435, 48.4605155]}}, {"type": "Feature", "properties": {"name": "Rue Nérée", "kind": "residential"}, "geometry": {"type": "Point", "coordinates": [-71.0532844, 48.4553819]}}, {"type": "Feature", "properties": {"name": "Rue Olier", "kind": "residential"}, "geometry": {"type": "Point", "coordinates": [-71.0413763, 48.44227500000001]}}, {"type": "Feature", "properties": {"name": "Rue Olier", "kind": "residential"}, "geometry": {"type": "Point", "coordinates": [-71.0418402, 48.44082509999999]}}, {"type": "Feature", "properties": {"name": "Rue Olier", "kind": "residential"}, "geometry": {"type": "Point", "coordinates": [-71.0413592, 48.443726600000005]}}, {"type": "Feature", "properties": {"name": "Rue Olier", "kind": "residential"}, "geometry": {"type": "Point", "coordinates": [-71.0446261, 48.439760500000006]}}, {"type": "Feature", "properties": {"name": "Rue Pierre-De La Vérendrye", "kind": "residential"}, "geometry": {"type": "Point", "coordinates": [-71.04921670000002, 48.4481344]}}, {"type": "Feature", "properties": {"name": "Rue Pierre-De La Vérendrye", "kind": "residential"}, "geometry": {"type": "Point", "coordinates": [-71.0503281, 48.446483099999995]}}, {"type": "Feature", "properties": {"name": "Rue René-Bergeron", "kind": "residential"}, "geometry": {"type": "Point", "coordinates": [-71.0442725, 48.44506009999999]}}, {"type": "Feature", "properties": {"name": "Rue René-Bergeron", "kind": "residential"}, "geometry": {"type": "Point", "coordinates": [-71.0423529, 48.44506000000002]}}, {"type": "Feature", "properties": {"name": "Rue René-Bergeron", "kind": "residential"}, "geometry": {"type": "Point", "coordinates": [-71.0374365, 48.4454295]}}, {"type": "Feature", "properties": {"name": "Rue René-Bergeron", "kind": "residential"}, "geometry": {"type": "Point", "coordinates": [-71.0398062, 48.4452977]}}, {"type": "Feature", "properties": {"name": "Rue Richard", "kind": "residential"}, "geometry": {"type": "Point", "coordinates": [-71.0580364, 48.44039420000001]}}, {"type": "Feature", "properties": {"name": "Rue Richard", "kind": "residential"}, "geometry": {"type": "Point", "coordinates": [-71.0584614, 48.43948009999999]}}, {"type": "Feature", "properties": {"name": "Rue Richelieu", "kind": "residential"}, "geometry": {"type": "Point", "coordinates": [-71.0578587, 48.4516715]}}, {"type": "Feature", "properties": {"name": "Rue Richmond", "kind": "residential"}, "geometry": {"type": "Point", "coordinates": [-71.0508301, 48.43763909999999]}}, {"type": "Feature", "properties": {"name": "Rue Roussel", "kind": "residential"}, "geometry": {"type": "Point", "coordinates": [-71.0335643, 48.4416609]}}, {"type": "Feature", "properties": {"name": "Rue Roussel", "kind": "residential"}, "geometry": {"type": "Point", "coordinates": [-71.0359463, 48.43930559999999]}}, {"type": "Feature", "properties": {"name": "Rue Roxanna", "kind": "residential"}, "geometry": {"type": "Point", "coordinates": [-71.0399446, 48.440409599999995]}}, {"type": "Feature", "properties": {"name": "Rue Sabrina", "kind": "residential"}, "geometry": {"type": "Point", "coordinates": [-71.0377563, 48.4396729]}}, {"type": "Feature", "properties": {"name": "Rue Sabrina", "kind": "residential"}, "geometry": {"type": "Point", "coordinates": [-71.0369526, 48.4393016]}}, {"type": "Feature", "properties": {"name": "Rue Saint-Benoît", "kind": "residential"}, "geometry": {"type": "Point", "coordinates": [-71.0561098, 48.4401065]}}, {"type": "Feature", "properties": {"name": "Rue Saint-Éloi", "kind": "residential"}, "geometry": {"type": "Point", "coordinates": [-71.0531901, 48.4452891]}}, {"type": "Feature", "properties": {"name": "Rue Saint-Émile", "kind": "residential"}, "geometry": {"type": "Point", "coordinates": [-71.0438305, 48.4489329]}}, {"type": "Feature", "properties": {"name": "Rue Sainte-Hélène", "kind": "residential"}, "geometry": {"type": "Point", "coordinates": [-71.0479123, 48.4445946]}}, {"type": "Feature", "properties": {"name": "Rue Sara", "kind": "residential"}, "geometry": {"type": "Point", "coordinates": [-71.0462107, 48.4460684]}}, {"type": "Feature", "properties": {"name": "Rue Simard", "kind": "residential"}, "geometry": {"type": "Point", "coordinates": [-71.0151278, 48.45406710000001]}}, {"type": "Feature", "properties": {"name": "Rue Talon", "kind": "residential"}, "geometry": {"type": "Point", "coordinates": [-71.0601039, 48.44153380000001]}}, {"type": "Feature", "properties": {"name": "Rue Thibeault", "kind": "residential"}, "geometry": {"type": "Point", "coordinates": [-71.0425445, 48.44656990000001]}}, {"type": "Feature", "properties": {"name": "Rue Triquet", "kind": "residential"}, "geometry": {"type": "Point", "coordinates": [-71.0602375, 48.44967900000001]}}, {"type": "Feature", "properties": {"name": "Rue Vanier", "kind": "residential"}, "geometry": {"type": "Point", "coordinates": [-71.0565127, 48.45577120000001]}}, {"type": "Feature", "properties": {"name": "Rue Viau", "kind": "residential"}, "geometry": {"type": "Point", "coordinates": [-71.0529488, 48.44248320000001]}}, {"type": "Feature", "properties": {"name": "Rue Viau", "kind": "residential"}, "geometry": {"type": "Point", "coordinates": [-71.0541578, 48.43979229999999]}}, {"type": "Feature", "properties": {"name": "Rue Yvette", "kind": "residential"}, "geometry": {"type": "Point", "coordinates": [-71.0221617, 48.452035499999994]}}, {"type": "Feature", "properties": {"name": "Rue d'Amiens", "kind": "residential"}, "geometry": {"type": "Point", "coordinates": [-71.0608453, 48.4483913]}}, {"type": "Feature", "properties": {"name": "Rue d'Orly", "kind": "residential"}, "geometry": {"type": "Point", "coordinates": [-71.0451444, 48.4422897]}}, {"type": "Feature", "properties": {"name": "Rue d'Orly", "kind": "residential"}, "geometry": {"type": "Point", "coordinates": [-71.0435704, 48.442142499999996]}}, {"type": "Feature", "properties": {"name": "Rue de Beauvoir", "kind": "residential"}, "geometry": {"type": "Point", "coordinates": [-71.049807, 48.439052200000006]}}, {"type": "Feature", "properties": {"name": "Rue de Belleville", "kind": "residential"}, "geometry": {"type": "Point", "coordinates": [-71.0425491, 48.4404432]}}, {"type": "Feature", "properties": {"name": "Rue de Belleville", "kind": "residential"}, "geometry": {"type": "Point", "coordinates": [-71.0447843, 48.44062110000001]}}, {"type": "Feature", "properties": {"name": "Rue de Calais", "kind": "residential"}, "geometry": {"type": "Point", "coordinates": [-71.0442645, 48.442093400000005]}}, {"type": "Feature", "properties": {"name": "Rue de Java", "kind": "residential"}, "geometry": {"type": "Point", "coordinates": [-71.0415766, 48.44466]}}, {"type": "Feature", "properties": {"name": "Rue de Lorraine", "kind": "residential"}, "geometry": {"type": "Point", "coordinates": [-71.06011540000002, 48.44883289999999]}}, {"type": "Feature", "properties": {"name": "Rue de Saint-Malo", "kind": "residential"}, "geometry": {"type": "Point", "coordinates": [-71.0474933, 48.44533319999999]}}, {"type": "Feature", "properties": {"name": "Rue de Sainte-Foy", "kind": "residential"}, "geometry": {"type": "Point", "coordinates": [-71.0519212, 48.442980299999995]}}, {"type": "Feature", "properties": {"name": "Rue de Verdun", "kind": "residential"}, "geometry": {"type": "Point", "coordinates": [-71.0550798, 48.44674820000001]}}, {"type": "Feature", "properties": {"name": "Rue de Victoria", "kind": "residential"}, "geometry": {"type": "Point", "coordinates": [-71.044933, 48.440222799999994]}}, {"type": "Feature", "properties": {"name": "Rue de Vimy", "kind": "residential"}, "geometry": {"type": "Point", "coordinates": [-71.0391307, 48.44812950000001]}}, {"type": "Feature", "properties": {"name": "Rue de Vimy", "kind": "residential"}, "geometry": {"type": "Point", "coordinates": [-71.0557402, 48.45215290000001]}}, {"type": "Feature", "properties": {"name": "Rue de Vimy", "kind": "residential"}, "geometry": {"type": "Point", "coordinates": [-71.0532581, 48.45158749999999]}}, {"type": "Feature", "properties": {"name": "Rue de Vimy", "kind": "residential"}, "geometry": {"type": "Point", "coordinates": [-71.0591678, 48.453206500000015]}}, {"type": "Feature", "properties": {"name": "Rue de Vimy", "kind": "residential"}, "geometry": {"type": "Point", "coordinates": [-71.0494923, 48.45037229999998]}}, {"type": "Feature", "properties": {"name": "Rue de Vimy", "kind": "residential"}, "geometry": {"type": "Point", "coordinates": [-71.0450977, 48.44944149999999]}}, {"type": "Feature", "properties": {"name": "Rue de la Victoire", "kind": "residential"}, "geometry": {"type": "Point", "coordinates": [-71.06169910000001, 48.4424769]}}, {"type": "Feature", "properties": {"name": "Rue du Beaujolais", "kind": "residential"}, "geometry": {"type": "Point", "coordinates": [-71.0482056, 48.440919900000004]}}, {"type": "Feature", "properties": {"name": "Rue du Beaujolais", "kind": "residential"}, "geometry": {"type": "Point", "coordinates": [-71.0489717, 48.4394344]}}, {"type": "Feature", "properties": {"name": "Rue du Bon-Air", "kind": "residential"}, "geometry": {"type": "Point", "coordinates": [-71.0549601, 48.44600659999999]}}, {"type": "Feature", "properties": {"name": "Rue du Diamant", "kind": "residential"}, "geometry": {"type": "Point", "coordinates": [-71.0402028, 48.44608170000001]}}, {"type": "Feature", "properties": {"name": "Rue du Ruisseau-Lachance", "kind": "unclassified"}, "geometry": {"type": "Point", "coordinates": [-71.0074293, 48.44284420000001]}}, {"type": "Feature", "properties": {"name": "Rue du Régent", "kind": "residential"}, "geometry": {"type": "Point", "coordinates": [-71.0602506, 48.4422848]}}, {"type": "Feature", "properties": {"name": "Rue du Régent", "kind": "residential"}, "geometry": {"type": "Point", "coordinates": [-71.0599323, 48.44288630000001]}}, {"type": "Feature", "properties": {"name": "Rue du Régent", "kind": "residential"}, "geometry": {"type": "Point", "coordinates": [-71.059863, 48.4428734]}}, {"type": "Feature", "properties": {"name": "Rue du Régent", "kind": "residential"}, "geometry": {"type": "Point", "coordinates": [-71.0606921, 48.441231]}}, {"type": "Feature", "properties": {"name": "Rue Ève", "kind": "residential"}, "geometry": {"type": "Point", "coordinates": [-71.0374576, 48.44705789999999]}}, {"type": "Feature", "properties": {"name": "Rue Émilien", "kind": "residential"}, "geometry": {"type": "Point", "coordinates": [-71.0530404, 48.440256899999994]}}, {"type": "Feature", "properties": {"name": "Chemin des Villas", "kind": "residential"}, "geometry": {"type": "Point", "coordinates": [-70.9954874, 48.446337500000006]}}, {"type": "Feature", "properties": {"name": "Rue Bossé", "kind": "residential"}, "geometry": {"type": "Point", "coordinates": [-71.072337, 48.42432180000001]}}, {"type": "Feature", "properties": {"name": "Rue Sainte-Marthe", "kind": "residential"}, "geometry": {"type": "Point", "coordinates": [-71.0745451, 48.4249121]}}, {"type": "Feature", "properties": {"name": "Rue Bossé", "kind": "residential"}, "geometry": {"type": "Point", "coordinates": [-71.0761078, 48.42437850000001]}}, {"type": "Feature", "properties": {"name": "Rue Madoc", "kind": "tertiary"}, "geometry": {"type": "Point", "coordinates": [-71.0580514, 48.463463900000015]}}, {"type": "Feature", "properties": {"name": "Route Madoc", "kind": "residential"}, "geometry": {"type": "Point", "coordinates": [-71.0571696, 48.4601454]}}, {"type": "Feature", "properties": {"name": "Rue Adam", "kind": "residential"}, "geometry": {"type": "Point", "coordinates": [-71.0429654, 48.4484078]}}, {"type": "Feature", "properties": {"name": "Rue Roussel", "kind": "tertiary"}, "geometry": {"type": "Point", "coordinates": [-71.0619143, 48.4382791]}}, {"type": "Feature", "properties": {"name": "Boulevard Sainte-Geneviève", "kind": "primary"}, "geometry": {"type": "Point", "coordinates": [-71.1058087, 48.4539315]}}, {"type": "Feature", "properties": {"name": "Route Sainte-Geneviève", "kind": "primary"}, "geometry": {"type": "Point", "coordinates": [-71.1538583, 48.46738040000001]}}, {"type": "Feature", "properties": {"name": "Rue de la Gaillarde", "kind": "residential"}, "geometry": {"type": "Point", "coordinates": [-71.1110861, 48.455933299999984]}}, {"type": "Feature", "properties": {"name": "Rue des Fleurons", "kind": "residential"}, "geometry": {"type": "Point", "coordinates": [-71.109424, 48.45564910000002]}}, {"type": "Feature", "properties": {"name": "Rue des Fleurons", "kind": "residential"}, "geometry": {"type": "Point", "coordinates": [-71.1096899, 48.45498270000001]}}, {"type": "Feature", "properties": {"name": "Rue du Lis-Blanc", "kind": "residential"}, "geometry": {"type": "Point", "coordinates": [-71.1106094, 48.459360999999994]}}, {"type": "Feature", "properties": {"name": "Boulevard Sainte-Geneviève", "kind": "primary"}, "geometry": {"type": "Point", "coordinates": [-71.0883176, 48.450613100000005]}}, {"type": "Feature", "properties": {"name": "Rue Dumais", "kind": "unclassified"}, "geometry": {"type": "Point", "coordinates": [-71.1041119, 48.45332129999999]}}, {"type": "Feature", "properties": {"name": "Boulevard Sainte-Geneviève", "kind": "primary"}, "geometry": {"type": "Point", "coordinates": [-71.0839514, 48.447508799999994]}}, {"type": "Feature", "properties": {"name": "Boulevard du Royaume Ouest", "kind": "primary"}, "geometry": {"type": "Point", "coordinates": [-71.1226035, 48.39009510000002]}}, {"type": "Feature", "properties": {"name": "Boulevard du Royaume Ouest", "kind": "primary"}, "geometry": {"type": "Point", "coordinates": [-71.128017, 48.3914104]}}, {"type": "Feature", "properties": {"name": "Rue Ringuette", "kind": "residential"}, "geometry": {"type": "Point", "coordinates": [-71.0982524, 48.418725099999996]}}, {"type": "Feature", "properties": {"name": "Rue Cloutier", "kind": "residential"}, "geometry": {"type": "Point", "coordinates": [-71.0977581, 48.4188408]}}, {"type": "Feature", "properties": {"name": "Rue Newton", "kind": "residential"}, "geometry": {"type": "Point", "coordinates": [-71.0516691, 48.422249000000015]}}, {"type": "Feature", "properties": {"name": "Boulevard Talbot", "kind": "secondary"}, "geometry": {"type": "Point", "coordinates": [-71.0467353, 48.41808300000001]}}, {"type": "Feature", "properties": {"name": "Boulevard Talbot", "kind": "primary"}, "geometry": {"type": "Point", "coordinates": [-71.055583, 48.407557]}}, {"type": "Feature", "properties": {"name": "Boulevard Talbot", "kind": "primary"}, "geometry": {"type": "Point", "coordinates": [-71.07471640000001, 48.390251400000004]}}, {"type": "Feature", "properties": {"name": "Boulevard du Royaume Ouest", "kind": "primary"}, "geometry": {"type": "Point", "coordinates": [-71.1345724, 48.393470099999995]}}, {"type": "Feature", "properties": {"name": "Rang Saint-Antoine", "kind": "secondary"}, "geometry": {"type": "Point", "coordinates": [-71.144199, 48.394094899999985]}}, {"type": "Feature", "properties": {"name": "Boulevard Talbot", "kind": "secondary"}, "geometry": {"type": "Point", "coordinates": [-71.0425728, 48.42264560000001]}}, {"type": "Feature", "properties": {"name": "Rue Jacques-Cartier Est", "kind": "secondary"}, "geometry": {"type": "Point", "coordinates": [-71.0430012, 48.4241935]}}, {"type": "Feature", "properties": {"name": "Rue Jacques Cartier", "kind": "residential"}, "geometry": {"type": "Point", "coordinates": [-71.0419804, 48.42397000000001]}}, {"type": "Feature", "properties": {"name": "Rue Jacques-Cartier Est", "kind": "secondary"}, "geometry": {"type": "Point", "coordinates": [-71.0424237, 48.424112900000004]}}, {"type": "Feature", "properties": {"name": "Rue Jacques Cartier", "kind": "residential"}, "geometry": {"type": "Point", "coordinates": [-71.0419648, 48.4240377]}}, {"type": "Feature", "properties": {"name": "Rue Jacques-Cartier Est", "kind": "secondary"}, "geometry": {"type": "Point", "coordinates": [-71.0424652, 48.4240551]}}, {"type": "Feature", "properties": {"name": "Rue Morin", "kind": "residential"}, "geometry": {"type": "Point", "coordinates": [-71.0654019, 48.42927270000001]}}, {"type": "Feature", "properties": {"name": "Boulevard du Saguenay Est", "kind": "secondary"}, "geometry": {"type": "Point", "coordinates": [-71.0248345, 48.42764110000001]}}, {"type": "Feature", "properties": {"name": "Boulevard du Saguenay Est", "kind": "secondary"}, "geometry": {"type": "Point", "coordinates": [-71.0380203, 48.42953990000001]}}, {"type": "Feature", "properties": {"name": "Rue de la Place-d'Armes", "kind": "residential"}, "geometry": {"type": "Point", "coordinates": [-71.0644804, 48.424547100000005]}}, {"type": "Feature", "properties": {"name": "Place des Copains", "kind": "residential"}, "geometry": {"type": "Point", "coordinates": [-71.1173731, 48.3848818]}}, {"type": "Feature", "properties": {"name": "Pont Dubuc", "kind": "primary"}, "geometry": {"type": "Point", "coordinates": [-71.0704411, 48.43273720000002]}}, {"type": "Feature", "properties": {"name": "Pont Dubuc", "kind": "primary"}, "geometry": {"type": "Point", "coordinates": [-71.0720477, 48.42990940000001]}}, {"type": "Feature", "properties": {"name": "Chemin des Bouleaux", "kind": "residential"}, "geometry": {"type": "Point", "coordinates": [-71.1361019, 48.32911370000001]}}, {"type": "Feature", "properties": {"name": "Rue des Érables", "kind": "residential"}, "geometry": {"type": "Point", "coordinates": [-71.1376793, 48.3303916]}}, {"type": "Feature", "properties": {"name": "Rue des Peupliers", "kind": "residential"}, "geometry": {"type": "Point", "coordinates": [-71.134259, 48.328579700000006]}}, {"type": "Feature", "properties": {"name": "Rue Jacques-Ferron", "kind": "residential"}, "geometry": {"type": "Point", "coordinates": [-71.0769247, 48.395146900000015]}}, {"type": "Feature", "properties": {"name": "Rue Jacques-Ferron", "kind": "residential"}, "geometry": {"type": "Point", "coordinates": [-71.0755115, 48.395894]}}, {"type": "Feature", "properties": {"name": "Rue Jean-Paul Sartre", "kind": "residential"}, "geometry": {"type": "Point", "coordinates": [-71.08459000000002, 48.40022760000001]}}, {"type": "Feature", "properties": {"name": "Rue Boris-Vian", "kind": "residential"}, "geometry": {"type": "Point", "coordinates": [-71.0847038, 48.4003535]}}, {"type": "Feature", "properties": {"name": "Rue Romain Gary", "kind": "residential"}, "geometry": {"type": "Point", "coordinates": [-71.0857175, 48.401526800000006]}}, {"type": "Feature", "properties": {"name": "Rue Martin-Bouvard", "kind": "residential"}, "geometry": {"type": "Point", "coordinates": [-71.0884916, 48.41191280000001]}}, {"type": "Feature", "properties": {"name": "Rue des Raffineurs", "kind": "residential"}, "geometry": {"type": "Point", "coordinates": [-71.1010874, 48.406863099999995]}}, {"type": "Feature", "properties": {"name": "Rue Racine Est", "kind": "tertiary"}, "geometry": {"type": "Point", "coordinates": [-71.0609274, 48.42767270000001]}}, {"type": "Feature", "properties": {"name": "Rue Labrecque", "kind": "residential"}, "geometry": {"type": "Point", "coordinates": [-71.0571783, 48.42505479999999]}}, {"type": "Feature", "properties": {"name": "Chemin Saint-Thomas", "kind": "residential"}, "geometry": {"type": "Point", "coordinates": [-71.0540778, 48.4205621]}}, {"type": "Feature", "properties": {"name": "Rue Jacques Cartier", "kind": "residential"}, "geometry": {"type": "Point", "coordinates": [-71.0380929, 48.4234567]}}, {"type": "Feature", "properties": {"name": "Chemin de la Réserve", "kind": "tertiary"}, "geometry": {"type": "Point", "coordinates": [-71.0921328, 48.42265960000002]}}, {"type": "Feature", "properties": {"name": "Rue du Stade", "kind": "residential"}, "geometry": {"type": "Point", "coordinates": [-71.0959079, 48.422176400000005]}}, {"type": "Feature", "properties": {"name": "Rue Saint-François-Xavier", "kind": "residential"}, "geometry": {"type": "Point", "coordinates": [-71.0544043, 48.427141199999994]}}, {"type": "Feature", "properties": {"name": "Rue De Verchères", "kind": "residential"}, "geometry": {"type": "Point", "coordinates": [-71.054928, 48.4266212]}}, {"type": "Feature", "properties": {"name": "Rue Omer", "kind": "residential"}, "geometry": {"type": "Point", "coordinates": [-71.0833536, 48.42549699999999]}}, {"type": "Feature", "properties": {"name": "Rue Saint-Léon", "kind": "residential"}, "geometry": {"type": "Point", "coordinates": [-71.0838598, 48.42475610000002]}}, {"type": "Feature", "properties": {"name": "Rue Saint-Hilaire", "kind": "residential"}, "geometry": {"type": "Point", "coordinates": [-71.0851101, 48.4265439]}}, {"type": "Feature", "properties": {"name": "Rue Saint-Hilaire", "kind": "residential"}, "geometry": {"type": "Point", "coordinates": [-71.0846866, 48.42682630000001]}}, {"type": "Feature", "properties": {"name": "Rue Sagard", "kind": "residential"}, "geometry": {"type": "Point", "coordinates": [-71.0883956, 48.42729079999999]}}, {"type": "Feature", "properties": {"name": "Route à Prosper", "kind": "residential"}, "geometry": {"type": "Point", "coordinates": [-71.1770653, 48.3745128]}}, {"type": "Feature", "properties": {"name": "Rang Saint-Antoine", "kind": "unclassified"}, "geometry": {"type": "Point", "coordinates": [-71.1728312, 48.3692127]}}, {"type": "Feature", "properties": {"name": "Rue Bellevue", "kind": "residential"}, "geometry": {"type": "Point", "coordinates": [-71.1295598, 48.389640099999994]}}, {"type": "Feature", "properties": {"name": "Rue Tremblay", "kind": "residential"}, "geometry": {"type": "Point", "coordinates": [-71.1369102, 48.3242653]}}, {"type": "Feature", "properties": {"name": "Rue Daniel", "kind": "residential"}, "geometry": {"type": "Point", "coordinates": [-71.1372976, 48.324378700000004]}}, {"type": "Feature", "properties": {"name": "Rue Josué", "kind": "residential"}, "geometry": {"type": "Point", "coordinates": [-71.140009, 48.3278529]}}, {"type": "Feature", "properties": {"name": "Rue du Rivage", "kind": "residential"}, "geometry": {"type": "Point", "coordinates": [-71.138467, 48.34010200000001]}}, {"type": "Feature", "properties": {"name": "Chemin des Puits", "kind": "residential"}, "geometry": {"type": "Point", "coordinates": [-71.1402926, 48.3384332]}}, {"type": "Feature", "properties": {"name": "Chemin de la Bonne-Humeur", "kind": "residential"}, "geometry": {"type": "Point", "coordinates": [-71.1521497, 48.35774579999998]}}, {"type": "Feature", "properties": {"name": "Rue du Bel-Air", "kind": "residential"}, "geometry": {"type": "Point", "coordinates": [-71.1523462, 48.35790810000001]}}, {"type": "Feature", "properties": {"name": "Rue Lucien", "kind": "residential"}, "geometry": {"type": "Point", "coordinates": [-70.9975098, 48.46254150000001]}}, {"type": "Feature", "properties": {"name": "Boulevard du Saguenay Ouest", "kind": "secondary"}, "geometry": {"type": "Point", "coordinates": [-71.1106767, 48.43590229999999]}}, {"type": "Feature", "properties": {"name": "Boulevard du Saguenay Ouest", "kind": "secondary"}, "geometry": {"type": "Point", "coordinates": [-71.1106767, 48.43590229999999]}}, {"type": "Feature", "properties": {"name": "Boulevard du Saguenay Ouest", "kind": "secondary"}, "geometry": {"type": "Point", "coordinates": [-71.1179245, 48.4367386]}}, {"type": "Feature", "properties": {"name": "Boulevard du Saguenay Ouest", "kind": "secondary"}, "geometry": {"type": "Point", "coordinates": [-71.1007113, 48.4349987]}}, {"type": "Feature", "properties": {"name": "Promenade du Carnaval-Souvenir", "kind": "unclassified"}, "geometry": {"type": "Point", "coordinates": [-71.0613787, 48.4298574]}}, {"type": "Feature", "properties": {"name": "Rue La Fontaine", "kind": "residential"}, "geometry": {"type": "Point", "coordinates": [-71.0599251, 48.428732100000005]}}, {"type": "Feature", "properties": {"name": "Rue Montcalm", "kind": "residential"}, "geometry": {"type": "Point", "coordinates": [-71.071422, 48.4266849]}}, {"type": "Feature", "properties": {"name": "Rue Montcalm", "kind": "secondary"}, "geometry": {"type": "Point", "coordinates": [-71.0713575, 48.4270082]}}, {"type": "Feature", "properties": {"name": "Chemin du Lac-Girard", "kind": "unclassified"}, "geometry": {"type": "Point", "coordinates": [-71.0186892, 48.31226270000001]}}, {"type": "Feature", "properties": {"name": "Chemin du Lac-Girard", "kind": "residential"}, "geometry": {"type": "Point", "coordinates": [-71.01535, 48.31785339999999]}}, {"type": "Feature", "properties": {"name": "Chemin du Lac-des-Maltais", "kind": "unclassified"}, "geometry": {"type": "Point", "coordinates": [-71.0567042, 48.295284499999994]}}, {"type": "Feature", "properties": {"name": "Sentier du Lac-Gravel", "kind": "residential"}, "geometry": {"type": "Point", "coordinates": [-71.0060669, 48.320989899999994]}}, {"type": "Feature", "properties": {"name": "Rue Saint-Éphrem", "kind": "residential"}, "geometry": {"type": "Point", "coordinates": [-71.0618656, 48.440886799999994]}}, {"type": "Feature", "properties": {"name": "Rue Saint-Éphrem", "kind": "residential"}, "geometry": {"type": "Point", "coordinates": [-71.0611684, 48.44236610000001]}}, {"type": "Feature", "properties": {"name": "Rue Murdock", "kind": "residential"}, "geometry": {"type": "Point", "coordinates": [-71.0486662, 48.412596499999985]}}, {"type": "Feature", "properties": {"name": "Rue Murdock", "kind": "residential"}, "geometry": {"type": "Point", "coordinates": [-71.0479012, 48.41334900000001]}}, {"type": "Feature", "properties": {"name": "Rue Murdock", "kind": "residential"}, "geometry": {"type": "Point", "coordinates": [-71.0463481, 48.4146821]}}, {"type": "Feature", "properties": {"name": "Rue Murdock", "kind": "residential"}, "geometry": {"type": "Point", "coordinates": [-71.0437722, 48.417027399999995]}}, {"type": "Feature", "properties": {"name": "Rue Murdock", "kind": "residential"}, "geometry": {"type": "Point", "coordinates": [-71.0421374, 48.41865640000001]}}, {"type": "Feature", "properties": {"name": "Rue Chabanel", "kind": "residential"}, "geometry": {"type": "Point", "coordinates": [-71.0436967, 48.414565599999996]}}, {"type": "Feature", "properties": {"name": "Rue Chabanel", "kind": "residential"}, "geometry": {"type": "Point", "coordinates": [-71.0412871, 48.41619150000001]}}, {"type": "Feature", "properties": {"name": "Rue Chabanel", "kind": "residential"}, "geometry": {"type": "Point", "coordinates": [-71.0388148, 48.41816669999999]}}, {"type": "Feature", "properties": {"name": "Rue Chabanel", "kind": "residential"}, "geometry": {"type": "Point", "coordinates": [-71.0360753, 48.4216417]}}, {"type": "Feature", "properties": {"name": "Rue des Franciscaines", "kind": "residential"}, "geometry": {"type": "Point", "coordinates": [-71.0380709, 48.422169699999976]}}, {"type": "Feature", "properties": {"name": "Rue Georges-Vanier", "kind": "residential"}, "geometry": {"type": "Point", "coordinates": [-71.0614429, 48.41641980000001]}}, {"type": "Feature", "properties": {"name": "Rue Georges-Vanier", "kind": "residential"}, "geometry": {"type": "Point", "coordinates": [-71.0632693, 48.41467980000001]}}, {"type": "Feature", "properties": {"name": "Rue Malraux", "kind": "residential"}, "geometry": {"type": "Point", "coordinates": [-71.0861915, 48.397085499999996]}}, {"type": "Feature", "properties": {"name": "Rue Malraux", "kind": "residential"}, "geometry": {"type": "Point", "coordinates": [-71.0928239, 48.3995561]}}, {"type": "Feature", "properties": {"name": "Rue des Condors", "kind": "residential"}, "geometry": {"type": "Point", "coordinates": [-71.0466068, 48.39030589999999]}}, {"type": "Feature", "properties": {"name": "Chemin de la Réserve", "kind": "tertiary"}, "geometry": {"type": "Point", "coordinates": [-71.1349851, 48.403101400000004]}}, {"type": "Feature", "properties": {"name": "Chemin de la Réserve", "kind": "tertiary"}, "geometry": {"type": "Point", "coordinates": [-71.130792, 48.4064559]}}, {"type": "Feature", "properties": {"name": "Chemin de la Réserve", "kind": "tertiary"}, "geometry": {"type": "Point", "coordinates": [-71.1039625, 48.4161671]}}, {"type": "Feature", "properties": {"name": "Rue de la Science", "kind": "residential"}, "geometry": {"type": "Point", "coordinates": [-71.05567, 48.423148100000006]}}, {"type": "Feature", "properties": {"name": "Rue Henri-Martin", "kind": "residential"}, "geometry": {"type": "Point", "coordinates": [-71.0334318, 48.4273618]}}, {"type": "Feature", "properties": {"name": "Boulevard Barrette", "kind": "secondary"}, "geometry": {"type": "Point", "coordinates": [-71.0935396, 48.40226680000001]}}, {"type": "Feature", "properties": {"name": "Boulevard Barrette", "kind": "secondary"}, "geometry": {"type": "Point", "coordinates": [-71.0812879, 48.39772519999999]}}, {"type": "Feature", "properties": {"name": "Boulevard Saint-Paul", "kind": "secondary"}, "geometry": {"type": "Point", "coordinates": [-71.1081686, 48.3941296]}}, {"type": "Feature", "properties": {"name": "Boulevard Saint-Paul", "kind": "secondary"}, "geometry": {"type": "Point", "coordinates": [-71.0902658, 48.409564900000014]}}, {"type": "Feature", "properties": {"name": "Boulevard de l'Université", "kind": "secondary"}, "geometry": {"type": "Point", "coordinates": [-71.0322774, 48.41183710000001]}}, {"type": "Feature", "properties": {"name": "Boulevard de l'Université", "kind": "secondary"}, "geometry": {"type": "Point", "coordinates": [-71.0379877, 48.41109900000001]}}, {"type": "Feature", "properties": {"name": "Boulevard de l'Université", "kind": "secondary"}, "geometry": {"type": "Point", "coordinates": [-71.0280678, 48.41258180000001]}}, {"type": "Feature", "properties": {"name": "Boulevard de l'Université", "kind": "secondary"}, "geometry": {"type": "Point", "coordinates": [-71.0466162, 48.41058460000001]}}, {"type": "Feature", "properties": {"name": "Boulevard du Royaume Est", "kind": "primary"}, "geometry": {"type": "Point", "coordinates": [-71.0759381, 48.37649840000002]}}, {"type": "Feature", "properties": {"name": "Boulevard du Royaume Est", "kind": "primary"}, "geometry": {"type": "Point", "coordinates": [-71.0826674, 48.379856499999995]}}, {"type": "Feature", "properties": {"name": "Boulevard du Royaume Ouest", "kind": "primary"}, "geometry": {"type": "Point", "coordinates": [-71.1026701, 48.385370699999996]}}, {"type": "Feature", "properties": {"name": "Rue Brisay", "kind": "unclassified"}, "geometry": {"type": "Point", "coordinates": [-71.1021516, 48.3949628]}}, {"type": "Feature", "properties": {"name": "Rue Cossette", "kind": "unclassified"}, "geometry": {"type": "Point", "coordinates": [-71.1080807, 48.4017505]}}, {"type": "Feature", "properties": {"name": "Rue des Roitelets", "kind": "tertiary"}, "geometry": {"type": "Point", "coordinates": [-71.069791, 48.3936338]}}, {"type": "Feature", "properties": {"name": "Rue Des Roitelets", "kind": "tertiary"}, "geometry": {"type": "Point", "coordinates": [-71.0477582, 48.41042860000002]}}, {"type": "Feature", "properties": {"name": "Rue des Roitelets", "kind": "tertiary"}, "geometry": {"type": "Point", "coordinates": [-71.0580371, 48.3977155]}}, {"type": "Feature", "properties": {"name": "Rue Jacques Cartier", "kind": "residential"}, "geometry": {"type": "Point", "coordinates": [-71.0332502, 48.42268740000001]}}, {"type": "Feature", "properties": {"name": "Rue Jacques Cartier", "kind": "residential"}, "geometry": {"type": "Point", "coordinates": [-71.0337497, 48.422755699999996]}}, {"type": "Feature", "properties": {"name": "Rue Jacques Cartier", "kind": "residential"}, "geometry": {"type": "Point", "coordinates": [-71.0337497, 48.42270630000001]}}, {"type": "Feature", "properties": {"name": "Rue Joseph-Durand", "kind": "residential"}, "geometry": {"type": "Point", "coordinates": [-71.046351, 48.4095406]}}, {"type": "Feature", "properties": {"name": "Rue Mitis", "kind": "unclassified"}, "geometry": {"type": "Point", "coordinates": [-71.1252757, 48.40332120000001]}}, {"type": "Feature", "properties": {"name": "Rue Saint-Paul", "kind": "tertiary"}, "geometry": {"type": "Point", "coordinates": [-71.0743671, 48.421994700000006]}}, {"type": "Feature", "properties": {"name": "Rue Saint-Paul", "kind": "tertiary"}, "geometry": {"type": "Point", "coordinates": [-71.0739784, 48.42205930000001]}}, {"type": "Feature", "properties": {"name": "Rue de Laforge", "kind": "unclassified"}, "geometry": {"type": "Point", "coordinates": [-71.1250582, 48.4020078]}}, {"type": "Feature", "properties": {"name": "Rue de la Caniapiscau", "kind": "unclassified"}, "geometry": {"type": "Point", "coordinates": [-71.1021119, 48.395799700000005]}}, {"type": "Feature", "properties": {"name": "Rue de la Manic", "kind": "unclassified"}, "geometry": {"type": "Point", "coordinates": [-71.1063803, 48.39564980000001]}}, {"type": "Feature", "properties": {"name": "Rue de la Manouane", "kind": "unclassified"}, "geometry": {"type": "Point", "coordinates": [-71.1142299, 48.3998881]}}, {"type": "Feature", "properties": {"name": "Rue des Saguenéens", "kind": "tertiary"}, "geometry": {"type": "Point", "coordinates": [-71.0525434, 48.402125299999994]}}, {"type": "Feature", "properties": {"name": "Rue des Saguenéens", "kind": "residential"}, "geometry": {"type": "Point", "coordinates": [-71.05864700000001, 48.40247659999999]}}, {"type": "Feature", "properties": {"name": "Rue des Saguenéens", "kind": "residential"}, "geometry": {"type": "Point", "coordinates": [-71.046159, 48.40297339999999]}}, {"type": "Feature", "properties": {"name": "Rue des Saguenéens", "kind": "tertiary"}, "geometry": {"type": "Point", "coordinates": [-71.0661655, 48.40679780000001]}}, {"type": "Feature", "properties": {"name": "Rue du Foyer", "kind": "residential"}, "geometry": {"type": "Point", "coordinates": [-71.0358476, 48.4253622]}}, {"type": "Feature", "properties": {"name": "Rue du Foyer", "kind": "residential"}, "geometry": {"type": "Point", "coordinates": [-71.0356684, 48.42530440000001]}}, {"type": "Feature", "properties": {"name": "Boulevard Talbot", "kind": "secondary"}, "geometry": {"type": "Point", "coordinates": [-71.0469945, 48.41674329999999]}}, {"type": "Feature", "properties": {"name": "Chemin de la Baie-Moncouche", "kind": "unclassified"}, "geometry": {"type": "Point", "coordinates": [-71.2279466, 48.2741956]}}, {"type": "Feature", "properties": {"name": "Chemin de la Baie-Moncouche", "kind": "unclassified"}, "geometry": {"type": "Point", "coordinates": [-71.2299577, 48.28200779999999]}}, {"type": "Feature", "properties": {"name": "Rue Bossé", "kind": "residential"}, "geometry": {"type": "Point", "coordinates": [-71.0794485, 48.42347989999999]}}, {"type": "Feature", "properties": {"name": "Rue Bossé", "kind": "residential"}, "geometry": {"type": "Point", "coordinates": [-71.0784029, 48.4239039]}}, {"type": "Feature", "properties": {"name": "Rue Garneau", "kind": "residential"}, "geometry": {"type": "Point", "coordinates": [-71.081916, 48.41680899999999]}}, {"type": "Feature", "properties": {"name": "Rue Price Est", "kind": "tertiary"}, "geometry": {"type": "Point", "coordinates": [-71.0625846, 48.4251128]}}, {"type": "Feature", "properties": {"name": "Rue Saint Onésime", "kind": "residential"}, "geometry": {"type": "Point", "coordinates": [-71.0779057, 48.4231233]}}, {"type": "Feature", "properties": {"name": "Rue des Carcajous", "kind": "residential"}, "geometry": {"type": "Point", "coordinates": [-71.1158004, 48.4125168]}}, {"type": "Feature", "properties": {"name": "Rue des Pékans", "kind": "residential"}, "geometry": {"type": "Point", "coordinates": [-71.1161317, 48.4126999]}}, {"type": "Feature", "properties": {"name": "Rue Rabelais", "kind": "residential"}, "geometry": {"type": "Point", "coordinates": [-71.09204400000002, 48.39666209999999]}}, {"type": "Feature", "properties": {"name": "Rue Émile-Girardin", "kind": "unclassified"}, "geometry": {"type": "Point", "coordinates": [-71.0515018, 48.40641870000001]}}, {"type": "Feature", "properties": {"name": "Rue Émile-Girardin", "kind": "unclassified"}, "geometry": {"type": "Point", "coordinates": [-71.0506793, 48.4065862]}}, {"type": "Feature", "properties": {"name": "Place de la Colline", "kind": "residential"}, "geometry": {"type": "Point", "coordinates": [-71.0742753, 48.44354180000001]}}, {"type": "Feature", "properties": {"name": "Rue des Archanges", "kind": "residential"}, "geometry": {"type": "Point", "coordinates": [-71.1346961, 48.4010755]}}, {"type": "Feature", "properties": {"name": "Rue Gabriel", "kind": "residential"}, "geometry": {"type": "Point", "coordinates": [-71.13439350000002, 48.40027009999999]}}, {"type": "Feature", "properties": {"name": "Rue Jeanne Mance", "kind": "residential"}, "geometry": {"type": "Point", "coordinates": [-71.10813, 48.41410609999999]}}, {"type": "Feature", "properties": {"name": "Rue de Vimy", "kind": "residential"}, "geometry": {"type": "Point", "coordinates": [-71.0826608, 48.452552]}}, {"type": "Feature", "properties": {"name": "Rue Blackburn", "kind": "residential"}, "geometry": {"type": "Point", "coordinates": [-71.077338, 48.4022259]}}, {"type": "Feature", "properties": {"name": "Rue de Nicolas Pelletier", "kind": "residential"}, "geometry": {"type": "Point", "coordinates": [-71.1104585, 48.41209150000001]}}, {"type": "Feature", "properties": {"name": "Marie Guyart", "kind": "residential"}, "geometry": {"type": "Point", "coordinates": [-71.0961672, 48.426656699999995]}}, {"type": "Feature", "properties": {"name": "Rue Boréale", "kind": "residential"}, "geometry": {"type": "Point", "coordinates": [-71.0330535, 48.4453717]}}, {"type": "Feature", "properties": {"name": "Rue Boulianne", "kind": "residential"}, "geometry": {"type": "Point", "coordinates": [-71.078432, 48.41858800000001]}}, {"type": "Feature", "properties": {"name": "Rue Blais", "kind": "residential"}, "geometry": {"type": "Point", "coordinates": [-71.1003282, 48.420995100000006]}}, {"type": "Feature", "properties": {"name": "Rue des Laurentides", "kind": "residential"}, "geometry": {"type": "Point", "coordinates": [-71.0638031, 48.400230699999994]}}, {"type": "Feature", "properties": {"name": "Rue des Laurentides", "kind": "residential"}, "geometry": {"type": "Point", "coordinates": [-71.0632291, 48.40037000000002]}}, {"type": "Feature", "properties": {"name": "Rue de Fontainebleau", "kind": "residential"}, "geometry": {"type": "Point", "coordinates": [-71.0898135, 48.42958949999999]}}, {"type": "Feature", "properties": {"name": "Rang Saint-Roch", "kind": "residential"}, "geometry": {"type": "Point", "coordinates": [-71.0021107, 48.37340360000001]}}, {"type": "Feature", "properties": {"name": "Rang Sainte-Famille", "kind": "tertiary"}, "geometry": {"type": "Point", "coordinates": [-71.0450215, 48.36604019999999]}}, {"type": "Feature", "properties": {"name": "Rang Sainte-Famille", "kind": "tertiary"}, "geometry": {"type": "Point", "coordinates": [-71.0490131, 48.362951500000015]}}, {"type": "Feature", "properties": {"name": "Chemin des Terres Rompues", "kind": "residential"}, "geometry": {"type": "Point", "coordinates": [-71.161778, 48.45833220000001]}}, {"type": "Feature", "properties": {"name": "Chemin des Terres Rompues", "kind": "residential"}, "geometry": {"type": "Point", "coordinates": [-71.1739391, 48.45833460000001]}}, {"type": "Feature", "properties": {"name": "Rue des Cigognes", "kind": "residential"}, "geometry": {"type": "Point", "coordinates": [-71.045789, 48.3901416]}}, {"type": "Feature", "properties": {"name": "Boulevard du Saguenay Est", "kind": "secondary"}, "geometry": {"type": "Point", "coordinates": [-71.0443454, 48.429473]}}, {"type": "Feature", "properties": {"name": "Boulevard du Saguenay Est", "kind": "secondary"}, "geometry": {"type": "Point", "coordinates": [-71.0412585, 48.4293074]}}, {"type": "Feature", "properties": {"name": "Rue Racine Est", "kind": "tertiary"}, "geometry": {"type": "Point", "coordinates": [-71.0490711, 48.4292362]}}, {"type": "Feature", "properties": {"name": "Rue Racine Est", "kind": "tertiary"}, "geometry": {"type": "Point", "coordinates": [-71.0458034, 48.42958070000001]}}, {"type": "Feature", "properties": {"name": "Rue Racine Est", "kind": "tertiary"}, "geometry": {"type": "Point", "coordinates": [-71.045368, 48.4294861]}}, {"type": "Feature", "properties": {"name": "Rue Clairval", "kind": "residential"}, "geometry": {"type": "Point", "coordinates": [-71.1764445, 48.299904899999994]}}, {"type": "Feature", "properties": {"name": "Rue Taillon", "kind": "residential"}, "geometry": {"type": "Point", "coordinates": [-71.0688414, 48.3962711]}}, {"type": "Feature", "properties": {"name": "Rue Gaston L. Tremblay", "kind": "residential"}, "geometry": {"type": "Point", "coordinates": [-71.13621710000001, 48.396521400000005]}}, {"type": "Feature", "properties": {"name": "Rue Racine Est", "kind": "tertiary"}, "geometry": {"type": "Point", "coordinates": [-71.0561809, 48.4279837]}}, {"type": "Feature", "properties": {"name": "Rue Racine Est", "kind": "tertiary"}, "geometry": {"type": "Point", "coordinates": [-71.0543684, 48.42848979999999]}}, {"type": "Feature", "properties": {"name": "Rue Savard", "kind": "residential"}, "geometry": {"type": "Point", "coordinates": [-71.0700357, 48.42711720000002]}}, {"type": "Feature", "properties": {"name": "Rue de l'Hôtel-de-Ville", "kind": "unclassified"}, "geometry": {"type": "Point", "coordinates": [-71.0629498, 48.4294182]}}, {"type": "Feature", "properties": {"name": "Rue Gilbert", "kind": "residential"}, "geometry": {"type": "Point", "coordinates": [-71.0727693, 48.423133]}}, {"type": "Feature", "properties": {"name": "Rue Bégin", "kind": "tertiary"}, "geometry": {"type": "Point", "coordinates": [-71.053794, 48.42766129999999]}}, {"type": "Feature", "properties": {"name": "Rue Gabriel-Druillettes", "kind": "residential"}, "geometry": {"type": "Point", "coordinates": [-71.1042862, 48.4125181]}}, {"type": "Feature", "properties": {"name": "Rue Rodolphe Pagé", "kind": "residential"}, "geometry": {"type": "Point", "coordinates": [-71.1184202, 48.392111100000015]}}, {"type": "Feature", "properties": {"name": "Rue de la Papetière", "kind": "residential"}, "geometry": {"type": "Point", "coordinates": [-71.0977064, 48.410933]}}, {"type": "Feature", "properties": {"name": "Rue le May", "kind": "residential"}, "geometry": {"type": "Point", "coordinates": [-71.0424764, 48.421451100000006]}}, {"type": "Feature", "properties": {"name": "Boulevard Talbot", "kind": "primary"}, "geometry": {"type": "Point", "coordinates": [-71.06648600000001, 48.39722090000001]}}, {"type": "Feature", "properties": {"name": "Boulevard Talbot", "kind": "primary"}, "geometry": {"type": "Point", "coordinates": [-71.0551204, 48.407796600000005]}}, {"type": "Feature", "properties": {"name": "Boulevard Barrette", "kind": "tertiary"}, "geometry": {"type": "Point", "coordinates": [-71.1042149, 48.4083604]}}, {"type": "Feature", "properties": {"name": "Chemin de la Réserve", "kind": "tertiary"}, "geometry": {"type": "Point", "coordinates": [-71.1184004, 48.41065309999999]}}, {"type": "Feature", "properties": {"name": "Rue Jacques Cartier", "kind": "residential"}, "geometry": {"type": "Point", "coordinates": [-71.0381013, 48.423410200000006]}}, {"type": "Feature", "properties": {"name": "Rue des Franciscaines", "kind": "residential"}, "geometry": {"type": "Point", "coordinates": [-71.0383161, 48.42330979999999]}}, {"type": "Feature", "properties": {"name": "Rue Jacques Cartier", "kind": "residential"}, "geometry": {"type": "Point", "coordinates": [-71.0386159, 48.42353980000001]}}, {"type": "Feature", "properties": {"name": "Rue du Foyer", "kind": "residential"}, "geometry": {"type": "Point", "coordinates": [-71.0381881, 48.423597699999995]}}, {"type": "Feature", "properties": {"name": "Chemin des Terres Rompues", "kind": "residential"}, "geometry": {"type": "Point", "coordinates": [-71.1832142, 48.457767000000004]}}, {"type": "Feature", "properties": {"name": "Rue des Loups-Cerviers", "kind": "residential"}, "geometry": {"type": "Point", "coordinates": [-71.1171222, 48.411676700000015]}}, {"type": "Feature", "properties": {"name": "Rue de l'Assomption", "kind": "residential"}, "geometry": {"type": "Point", "coordinates": [-71.0352846, 48.4241123]}}, {"type": "Feature", "properties": {"name": "Boulevard Barrette", "kind": "tertiary"}, "geometry": {"type": "Point", "coordinates": [-71.1073373, 48.4124082]}}, {"type": "Feature", "properties": {"name": "Boulevard Barrette", "kind": "tertiary"}, "geometry": {"type": "Point", "coordinates": [-71.1066309, 48.41114439999999]}}, {"type": "Feature", "properties": {"name": "Ruelle Jean", "kind": "residential"}, "geometry": {"type": "Point", "coordinates": [-71.1375894, 48.3691792]}}, {"type": "Feature", "properties": {"name": "Rue des Laterrois", "kind": "residential"}, "geometry": {"type": "Point", "coordinates": [-71.1453859, 48.332591300000004]}}, {"type": "Feature", "properties": {"name": "Rue du Canola", "kind": "residential"}, "geometry": {"type": "Point", "coordinates": [-71.1106162, 48.31024850000001]}}, {"type": "Feature", "properties": {"name": "Rue Bécard", "kind": "residential"}, "geometry": {"type": "Point", "coordinates": [-71.04776880000001, 48.42117740000001]}}, {"type": "Feature", "properties": {"name": "Rue Saint-Henri", "kind": "residential"}, "geometry": {"type": "Point", "coordinates": [-71.07694, 48.41859809999998]}}, {"type": "Feature", "properties": {"name": "Rue Saint-Henri", "kind": "residential"}, "geometry": {"type": "Point", "coordinates": [-71.0775005, 48.41885270000001]}}, {"type": "Feature", "properties": {"name": "Place Copernic", "kind": "residential"}, "geometry": {"type": "Point", "coordinates": [-71.0541883, 48.413719300000004]}}, {"type": "Feature", "properties": {"name": "Rue Saint Onésime", "kind": "residential"}, "geometry": {"type": "Point", "coordinates": [-71.0776624, 48.423421299999994]}}, {"type": "Feature", "properties": {"name": "Rue Racine Est", "kind": "tertiary"}, "geometry": {"type": "Point", "coordinates": [-71.0580471, 48.4276079]}}, {"type": "Feature", "properties": {"name": "Rue Jacques-Cartier Est", "kind": "secondary"}, "geometry": {"type": "Point", "coordinates": [-71.0617193, 48.42639399999999]}}, {"type": "Feature", "properties": {"name": "Rue Tessier", "kind": "residential"}, "geometry": {"type": "Point", "coordinates": [-71.0669896, 48.427989100000005]}}, {"type": "Feature", "properties": {"name": "Boulevard du Saguenay Est", "kind": "secondary"}, "geometry": {"type": "Point", "coordinates": [-71.0661234, 48.429259200000004]}}, {"type": "Feature", "properties": {"name": "Rue Saint-Michel", "kind": "residential"}, "geometry": {"type": "Point", "coordinates": [-71.0460924, 48.4428338]}}, {"type": "Feature", "properties": {"name": "Rue Adam", "kind": "residential"}, "geometry": {"type": "Point", "coordinates": [-71.0502508, 48.44952440000001]}}, {"type": "Feature", "properties": {"name": "Rue de la Gaillarde", "kind": "residential"}, "geometry": {"type": "Point", "coordinates": [-71.1086585, 48.4568161]}}, {"type": "Feature", "properties": {"name": "Rue des Jacinthes", "kind": "residential"}, "geometry": {"type": "Point", "coordinates": [-71.1090706, 48.4569414]}}, {"type": "Feature", "properties": {"name": "Rue du Gardenia", "kind": "residential"}, "geometry": {"type": "Point", "coordinates": [-71.1074411, 48.46046379999999]}}, {"type": "Feature", "properties": {"name": "Rue du Daphné", "kind": "residential"}, "geometry": {"type": "Point", "coordinates": [-71.1076904, 48.46242880000001]}}, {"type": "Feature", "properties": {"name": "Rue du Gardenia", "kind": "residential"}, "geometry": {"type": "Point", "coordinates": [-71.108007, 48.4605647]}}, {"type": "Feature", "properties": {"name": "Rue du Lotus", "kind": "residential"}, "geometry": {"type": "Point", "coordinates": [-71.1113136, 48.4589675]}}, {"type": "Feature", "properties": {"name": "Rue des Fougères", "kind": "residential"}, "geometry": {"type": "Point", "coordinates": [-71.1004955, 48.45893209999999]}}, {"type": "Feature", "properties": {"name": "Rue des Sagittaires", "kind": "residential"}, "geometry": {"type": "Point", "coordinates": [-71.0999877, 48.459171800000014]}}, {"type": "Feature", "properties": {"name": "Rue des Roseaux", "kind": "residential"}, "geometry": {"type": "Point", "coordinates": [-71.1001762, 48.456541500000014]}}, {"type": "Feature", "properties": {"name": "Boulevard Saint-Paul", "kind": "secondary"}, "geometry": {"type": "Point", "coordinates": [-71.0735413, 48.421926699999986]}}, {"type": "Feature", "properties": {"name": "Rue Saint-Paul", "kind": "tertiary"}, "geometry": {"type": "Point", "coordinates": [-71.073667, 48.422086199999995]}}, {"type": "Feature", "properties": {"name": "Boulevard Saint-Paul", "kind": "primary"}, "geometry": {"type": "Point", "coordinates": [-71.0726808, 48.4223965]}}, {"type": "Feature", "properties": {"name": "Boulevard Saint-Paul", "kind": "primary"}, "geometry": {"type": "Point", "coordinates": [-71.0730693, 48.4220897]}}, {"type": "Feature", "properties": {"name": "Boulevard de l'Université", "kind": "primary"}, "geometry": {"type": "Point", "coordinates": [-71.0726851, 48.4220139]}}, {"type": "Feature", "properties": {"name": "Boulevard de l'Université", "kind": "primary"}, "geometry": {"type": "Point", "coordinates": [-71.0731181, 48.42215919999999]}}, {"type": "Feature", "properties": {"name": "Rue Des Roitelets", "kind": "tertiary"}, "geometry": {"type": "Point", "coordinates": [-71.0497919, 48.4064729]}}, {"type": "Feature", "properties": {"name": "Rue Des Roitelets", "kind": "tertiary"}, "geometry": {"type": "Point", "coordinates": [-71.0498109, 48.40664040000001]}}, {"type": "Feature", "properties": {"name": "Rue Émile-Girardin", "kind": "unclassified"}, "geometry": {"type": "Point", "coordinates": [-71.0500777, 48.4066057]}}, {"type": "Feature", "properties": {"name": "Rue Émile-Girardin", "kind": "unclassified"}, "geometry": {"type": "Point", "coordinates": [-71.0500706, 48.406672699999994]}}, {"type": "Feature", "properties": {"name": "Rue Des Roitelets", "kind": "tertiary"}, "geometry": {"type": "Point", "coordinates": [-71.0497875, 48.406798599999995]}}, {"type": "Feature", "properties": {"name": "Rue Des Roitelets", "kind": "tertiary"}, "geometry": {"type": "Point", "coordinates": [-71.0491648, 48.4080024]}}, {"type": "Feature", "properties": {"name": "Boulevard de l'Université", "kind": "secondary"}, "geometry": {"type": "Point", "coordinates": [-71.0473245, 48.41054200000001]}}, {"type": "Feature", "properties": {"name": "Boulevard de l'Université", "kind": "secondary"}, "geometry": {"type": "Point", "coordinates": [-71.0479205, 48.410694500000005]}}, {"type": "Feature", "properties": {"name": "Boulevard de l'Université", "kind": "secondary"}, "geometry": {"type": "Point", "coordinates": [-71.0496431, 48.411388000000024]}}, {"type": "Feature", "properties": {"name": "Rue Des Roitelets", "kind": "tertiary"}, "geometry": {"type": "Point", "coordinates": [-71.0476115, 48.4106776]}}, {"type": "Feature", "properties": {"name": "Rue Bégin", "kind": "tertiary"}, "geometry": {"type": "Point", "coordinates": [-71.0560961, 48.424681199999995]}}, {"type": "Feature", "properties": {"name": "Rue Bégin", "kind": "tertiary"}, "geometry": {"type": "Point", "coordinates": [-71.0555274, 48.42523230000001]}}, {"type": "Feature", "properties": {"name": "Rue Price Est", "kind": "tertiary"}, "geometry": {"type": "Point", "coordinates": [-71.0561888, 48.4247871]}}, {"type": "Feature", "properties": {"name": "Rue Jacques-Cartier Est", "kind": "secondary"}, "geometry": {"type": "Point", "coordinates": [-71.0574081, 48.42613699999999]}}, {"type": "Feature", "properties": {"name": "Rue Jacques-Cartier Est", "kind": "secondary"}, "geometry": {"type": "Point", "coordinates": [-71.0545794, 48.425870499999995]}}, {"type": "Feature", "properties": {"name": "Rue Bégin", "kind": "tertiary"}, "geometry": {"type": "Point", "coordinates": [-71.0549246, 48.425821899999995]}}, {"type": "Feature", "properties": {"name": "Rue Bégin", "kind": "tertiary"}, "geometry": {"type": "Point", "coordinates": [-71.0544892, 48.4263007]}}, {"type": "Feature", "properties": {"name": "Boulevard du Saguenay Ouest", "kind": "secondary"}, "geometry": {"type": "Point", "coordinates": [-71.07348, 48.4297405]}}, {"type": "Feature", "properties": {"name": "Boulevard du Saguenay Ouest", "kind": "secondary"}, "geometry": {"type": "Point", "coordinates": [-71.0707253, 48.4295707]}}, {"type": "Feature", "properties": {"name": "Boulevard du Saguenay Ouest", "kind": "secondary"}, "geometry": {"type": "Point", "coordinates": [-71.0712103, 48.42960160000002]}}, {"type": "Feature", "properties": {"name": "Rue Melançon", "kind": "residential"}, "geometry": {"type": "Point", "coordinates": [-71.0370588, 48.426169600000016]}}, {"type": "Feature", "properties": {"name": "Rue Melançon", "kind": "residential"}, "geometry": {"type": "Point", "coordinates": [-71.035711, 48.42541239999999]}}, {"type": "Feature", "properties": {"name": "Rue des Franciscaines", "kind": "residential"}, "geometry": {"type": "Point", "coordinates": [-71.03823840000001, 48.423316199999995]}}, {"type": "Feature", "properties": {"name": "Rue Jacques Cartier", "kind": "residential"}, "geometry": {"type": "Point", "coordinates": [-71.0386314, 48.42348240000001]}}, {"type": "Feature", "properties": {"name": "Rue du Foyer", "kind": "residential"}, "geometry": {"type": "Point", "coordinates": [-71.0382524, 48.42361499999999]}}, {"type": "Feature", "properties": {"name": "Rue Jacques Cartier", "kind": "residential"}, "geometry": {"type": "Point", "coordinates": [-71.0360463, 48.4230983]}}, {"type": "Feature", "properties": {"name": "Rue Dubuc", "kind": "tertiary"}, "geometry": {"type": "Point", "coordinates": [-71.0794058, 48.42328190000001]}}, {"type": "Feature", "properties": {"name": "Rue Dubuc", "kind": "tertiary"}, "geometry": {"type": "Point", "coordinates": [-71.0798849, 48.42352259999999]}}, {"type": "Feature", "properties": {"name": "Boulevard de Tadoussac", "kind": "primary"}, "geometry": {"type": "Point", "coordinates": [-71.06641890000002, 48.4352996]}}, {"type": "Feature", "properties": {"name": "Rang Saint-Antoine", "kind": "secondary"}, "geometry": {"type": "Point", "coordinates": [-71.1420493, 48.395029599999994]}}, {"type": "Feature", "properties": {"name": "Rang Saint-Antoine", "kind": "secondary"}, "geometry": {"type": "Point", "coordinates": [-71.1435932, 48.39436619999999]}}, {"type": "Feature", "properties": {"name": "Boulevard du Royaume Ouest", "kind": "primary"}, "geometry": {"type": "Point", "coordinates": [-71.1406808, 48.39601759999999]}}, {"type": "Feature", "properties": {"name": "Rang Saint-Antoine", "kind": "secondary"}, "geometry": {"type": "Point", "coordinates": [-71.1402774, 48.395789400000005]}}, {"type": "Feature", "properties": {"name": "Rang Saint-Antoine", "kind": "secondary"}, "geometry": {"type": "Point", "coordinates": [-71.1406899, 48.3956032]}}, {"type": "Feature", "properties": {"name": "Boulevard Saint-Paul", "kind": "secondary"}, "geometry": {"type": "Point", "coordinates": [-71.1072115, 48.394779700000015]}}, {"type": "Feature", "properties": {"name": "Boulevard Saint-Paul", "kind": "secondary"}, "geometry": {"type": "Point", "coordinates": [-71.1074872, 48.39452830000001]}}, {"type": "Feature", "properties": {"name": "Boulevard Saint-Paul", "kind": "secondary"}, "geometry": {"type": "Point", "coordinates": [-71.1107253, 48.391900899999996]}}, {"type": "Feature", "properties": {"name": "Boulevard Saint-Paul", "kind": "secondary"}, "geometry": {"type": "Point", "coordinates": [-71.1138708, 48.3888194]}}, {"type": "Feature", "properties": {"name": "Boulevard Talbot", "kind": "primary"}, "geometry": {"type": "Point", "coordinates": [-71.0790581, 48.386361099999995]}}, {"type": "Feature", "properties": {"name": "Boulevard Talbot", "kind": "primary"}, "geometry": {"type": "Point", "coordinates": [-71.0788528, 48.38632750000001]}}, {"type": "Feature", "properties": {"name": "Boulevard du Royaume Ouest", "kind": "primary"}, "geometry": {"type": "Point", "coordinates": [-71.0849806, 48.380852700000005]}}, {"type": "Feature", "properties": {"name": "Boulevard du Royaume Ouest", "kind": "primary"}, "geometry": {"type": "Point", "coordinates": [-71.0857168, 48.381232700000005]}}, {"type": "Feature", "properties": {"name": "Boulevard du Royaume Est", "kind": "primary"}, "geometry": {"type": "Point", "coordinates": [-71.0848785, 48.38093990000001]}}, {"type": "Feature", "properties": {"name": "Boulevard du Royaume Est", "kind": "primary"}, "geometry": {"type": "Point", "coordinates": [-71.084096, 48.380584500000005]}}, {"type": "Feature", "properties": {"name": "Boulevard du Royaume Est", "kind": "primary"}, "geometry": {"type": "Point", "coordinates": [-71.0841875, 48.3804783]}}, {"type": "Feature", "properties": {"name": "Rue du Sauvignon", "kind": "residential"}, "geometry": {"type": "Point", "coordinates": [-71.0768704, 48.39181919999999]}}, {"type": "Feature", "properties": {"name": "Rue Sainte-Anne", "kind": "tertiary"}, "geometry": {"type": "Point", "coordinates": [-71.0689907, 48.423997400000005]}}, {"type": "Feature", "properties": {"name": "Rue Sainte-Anne", "kind": "tertiary"}, "geometry": {"type": "Point", "coordinates": [-71.0687889, 48.425428200000006]}}, {"type": "Feature", "properties": {"name": "Rue Bossé", "kind": "residential"}, "geometry": {"type": "Point", "coordinates": [-71.0695076, 48.4241604]}}, {"type": "Feature", "properties": {"name": "Rue du Belvédère", "kind": "residential"}, "geometry": {"type": "Point", "coordinates": [-71.1267847, 48.39516950000001]}}, {"type": "Feature", "properties": {"name": "Rue Fernand-Gilbert", "kind": "residential"}, "geometry": {"type": "Point", "coordinates": [-71.1336553, 48.396476299999996]}}, {"type": "Feature", "properties": {"name": "Rue Jacques-Cartier Est", "kind": "secondary"}, "geometry": {"type": "Point", "coordinates": [-71.0604291, 48.426335900000005]}}, {"type": "Feature", "properties": {"name": "Rue La Fontaine", "kind": "residential"}, "geometry": {"type": "Point", "coordinates": [-71.0600536, 48.42718510000001]}}, {"type": "Feature", "properties": {"name": "Boulevard Saint-Paul", "kind": "primary"}, "geometry": {"type": "Point", "coordinates": [-71.0718289, 48.42523889999998]}}, {"type": "Feature", "properties": {"name": "Rue du Boulevard", "kind": "tertiary"}, "geometry": {"type": "Point", "coordinates": [-71.1210699, 48.31119940000001]}}, {"type": "Feature", "properties": {"name": "Rue de la Moisson", "kind": "residential"}, "geometry": {"type": "Point", "coordinates": [-71.117503, 48.31163640000001]}}, {"type": "Feature", "properties": {"name": "Rue de la Moisson", "kind": "residential"}, "geometry": {"type": "Point", "coordinates": [-71.1120705, 48.309939699999994]}}, {"type": "Feature", "properties": {"name": "Rue du Cabernet", "kind": "residential"}, "geometry": {"type": "Point", "coordinates": [-71.0830633, 48.3931328]}}, {"type": "Feature", "properties": {"name": "Rue du Syrah", "kind": "residential"}, "geometry": {"type": "Point", "coordinates": [-71.0825948, 48.39304139999999]}}, {"type": "Feature", "properties": {"name": "Rue du Domaine-du-Vignoble", "kind": "residential"}, "geometry": {"type": "Point", "coordinates": [-71.0788253, 48.392368999999995]}}, {"type": "Feature", "properties": {"name": "Rue du Muscadet", "kind": "residential"}, "geometry": {"type": "Point", "coordinates": [-71.0791579, 48.39294590000001]}}, {"type": "Feature", "properties": {"name": "Boulevard Sainte-Geneviève", "kind": "primary"}, "geometry": {"type": "Point", "coordinates": [-71.0740037, 48.4416735]}}, {"type": "Feature", "properties": {"name": "Boulevard Sainte-Geneviève", "kind": "primary"}, "geometry": {"type": "Point", "coordinates": [-71.0759293, 48.4427285]}}, {"type": "Feature", "properties": {"name": "Boulevard Sainte-Geneviève", "kind": "primary"}, "geometry": {"type": "Point", "coordinates": [-71.07864, 48.4441871]}}, {"type": "Feature", "properties": {"name": "Boulevard Sainte-Geneviève", "kind": "primary"}, "geometry": {"type": "Point", "coordinates": [-71.070587, 48.439720599999994]}}, {"type": "Feature", "properties": {"name": "Boulevard de l'Université", "kind": "primary"}, "geometry": {"type": "Point", "coordinates": [-71.056426, 48.41826110000002]}}, {"type": "Feature", "properties": {"name": "Boulevard de l'Université", "kind": "primary"}, "geometry": {"type": "Point", "coordinates": [-71.0534047, 48.41486799999999]}}, {"type": "Feature", "properties": {"name": "Boulevard de l'Université", "kind": "primary"}, "geometry": {"type": "Point", "coordinates": [-71.0527917, 48.413928]}}, {"type": "Feature", "properties": {"name": "Boulevard de l'Université", "kind": "primary"}, "geometry": {"type": "Point", "coordinates": [-71.0565975, 48.418192999999995]}}, {"type": "Feature", "properties": {"name": "Rue Sainte-Anne", "kind": "tertiary"}, "geometry": {"type": "Point", "coordinates": [-71.0692843, 48.4214788]}}, {"type": "Feature", "properties": {"name": "Rue Sainte-Anne", "kind": "residential"}, "geometry": {"type": "Point", "coordinates": [-71.0693194, 48.421133]}}, {"type": "Feature", "properties": {"name": "Rue Sainte-Anne", "kind": "residential"}, "geometry": {"type": "Point", "coordinates": [-71.0694379, 48.4200575]}}, {"type": "Feature", "properties": {"name": "Boulevard de l'Université", "kind": "primary"}, "geometry": {"type": "Point", "coordinates": [-71.0726093, 48.4218521]}}, {"type": "Feature", "properties": {"name": "Boulevard de l'Université", "kind": "primary"}, "geometry": {"type": "Point", "coordinates": [-71.0706908, 48.4215538]}}, {"type": "Feature", "properties": {"name": "Rue Jolliet", "kind": "residential"}, "geometry": {"type": "Point", "coordinates": [-71.0695175, 48.41878840000001]}}, {"type": "Feature", "properties": {"name": "Rue Jolliet", "kind": "residential"}, "geometry": {"type": "Point", "coordinates": [-71.0698616, 48.4189529]}}, {"type": "Feature", "properties": {"name": "Rue Sainte-Anne", "kind": "residential"}, "geometry": {"type": "Point", "coordinates": [-71.0694781, 48.41901530000001]}}, {"type": "Feature", "properties": {"name": "Rue Sainte-Anne", "kind": "residential"}, "geometry": {"type": "Point", "coordinates": [-71.0695711, 48.41906719999999]}}, {"type": "Feature", "properties": {"name": "Rue Jolliet", "kind": "residential"}, "geometry": {"type": "Point", "coordinates": [-71.0698271, 48.4188576]}}, {"type": "Feature", "properties": {"name": "Rue Jolliet", "kind": "residential"}, "geometry": {"type": "Point", "coordinates": [-71.069318, 48.418508900000006]}}, {"type": "Feature", "properties": {"name": "Rue Jolliet", "kind": "residential"}, "geometry": {"type": "Point", "coordinates": [-71.0694036, 48.41856080000001]}}, {"type": "Feature", "properties": {"name": "Rue Bégin", "kind": "tertiary"}, "geometry": {"type": "Point", "coordinates": [-71.0677497, 48.413035399999984]}}, {"type": "Feature", "properties": {"name": "Rue Bégin", "kind": "tertiary"}, "geometry": {"type": "Point", "coordinates": [-71.0658001, 48.4150075]}}, {"type": "Feature", "properties": {"name": "Rue Bégin", "kind": "tertiary"}, "geometry": {"type": "Point", "coordinates": [-71.0678109, 48.413063799999996]}}, {"type": "Feature", "properties": {"name": "Rue des Saguenéens", "kind": "tertiary"}, "geometry": {"type": "Point", "coordinates": [-71.0591858, 48.402749799999995]}}, {"type": "Feature", "properties": {"name": "Rue des Saguenéens", "kind": "tertiary"}, "geometry": {"type": "Point", "coordinates": [-71.0577069, 48.40230259999999]}}, {"type": "Feature", "properties": {"name": "Rue des Grands-Ducs", "kind": "residential"}, "geometry": {"type": "Point", "coordinates": [-71.0568473, 48.4020124]}}, {"type": "Feature", "properties": {"name": "Rue des Saguenéens", "kind": "tertiary"}, "geometry": {"type": "Point", "coordinates": [-71.0525789, 48.402052000000005]}}, {"type": "Feature", "properties": {"name": "Rue des Saguenéens", "kind": "tertiary"}, "geometry": {"type": "Point", "coordinates": [-71.0577875, 48.4021864]}}, {"type": "Feature", "properties": {"name": "Rue des Cassias", "kind": "residential"}, "geometry": {"type": "Point", "coordinates": [-71.1013429, 48.45738020000001]}}, {"type": "Feature", "properties": {"name": "Rue D'Argenson", "kind": "residential"}, "geometry": {"type": "Point", "coordinates": [-71.0409691, 48.41539209999999]}}, {"type": "Feature", "properties": {"name": "Rue du Havre", "kind": "residential"}, "geometry": {"type": "Point", "coordinates": [-71.0545061, 48.42928400000002]}}, {"type": "Feature", "properties": {"name": "Rue Price Ouest", "kind": "tertiary"}, "geometry": {"type": "Point", "coordinates": [-71.070179, 48.4255039]}}, {"type": "Feature", "properties": {"name": "Chemin du Volair", "kind": "tertiary"}, "geometry": {"type": "Point", "coordinates": [-70.9976228, 48.48099510000001]}}, {"type": "Feature", "properties": {"name": "Rue Émile-Couture", "kind": "unclassified"}, "geometry": {"type": "Point", "coordinates": [-71.0827237, 48.3888999]}}, {"type": "Feature", "properties": {"name": "Rue Néron", "kind": "residential"}, "geometry": {"type": "Point", "coordinates": [-71.076413, 48.3869132]}}, {"type": "Feature", "properties": {"name": "Rue Verreault", "kind": "residential"}, "geometry": {"type": "Point", "coordinates": [-71.0868086, 48.422120099999994]}}, {"type": "Feature", "properties": {"name": "Rue de la Grande", "kind": "unclassified"}, "geometry": {"type": "Point", "coordinates": [-71.1213257, 48.40025099999998]}}, {"type": "Feature", "properties": {"name": "Boulevard Saint-Jean-Baptiste", "kind": "residential"}, "geometry": {"type": "Point", "coordinates": [-71.000601, 48.40018490000002]}}, {"type": "Feature", "properties": {"name": "Chemin Grenon", "kind": "residential"}, "geometry": {"type": "Point", "coordinates": [-71.0669038, 48.34150350000002]}}, {"type": "Feature", "properties": {"name": "Rue des Carcajous", "kind": "residential"}, "geometry": {"type": "Point", "coordinates": [-71.1191101, 48.41221869999999]}}, {"type": "Feature", "properties": {"name": "Rue Normandin", "kind": "residential"}, "geometry": {"type": "Point", "coordinates": [-71.0872834, 48.42180769999999]}}, {"type": "Feature", "properties": {"name": "Ruelle Grenon", "kind": "residential"}, "geometry": {"type": "Point", "coordinates": [-71.0814108, 48.425695600000005]}}, {"type": "Feature", "properties": {"name": "Rue du Père-Champagnat", "kind": "residential"}, "geometry": {"type": "Point", "coordinates": [-71.042016, 48.41170540000001]}}, {"type": "Feature", "properties": {"name": "Rue des Cigognes", "kind": "residential"}, "geometry": {"type": "Point", "coordinates": [-71.04668860000001, 48.3915611]}}, {"type": "Feature", "properties": {"name": "Rue Adélard", "kind": "residential"}, "geometry": {"type": "Point", "coordinates": [-71.1864595, 48.47877309999999]}}, {"type": "Feature", "properties": {"name": "Rue Don-Bosco", "kind": "residential"}, "geometry": {"type": "Point", "coordinates": [-71.0680487, 48.410055000000014]}}, {"type": "Feature", "properties": {"name": "Rue des Harfangs", "kind": "residential"}, "geometry": {"type": "Point", "coordinates": [-71.0612268, 48.394899900000006]}}, {"type": "Feature", "properties": {"name": "Rue Saint-Louis", "kind": "residential"}, "geometry": {"type": "Point", "coordinates": [-71.0798247, 48.41917569999999]}}, {"type": "Feature", "properties": {"name": "Rue du Boulevard", "kind": "tertiary"}, "geometry": {"type": "Point", "coordinates": [-71.1354425, 48.31860940000001]}}, {"type": "Feature", "properties": {"name": "Rue du Boulevard", "kind": "tertiary"}, "geometry": {"type": "Point", "coordinates": [-71.1365579, 48.31911720000001]}}, {"type": "Feature", "properties": {"name": "Rue Dubuc", "kind": "tertiary"}, "geometry": {"type": "Point", "coordinates": [-71.0803801, 48.423874299999994]}}, {"type": "Feature", "properties": {"name": "Rue Dubuc", "kind": "tertiary"}, "geometry": {"type": "Point", "coordinates": [-71.0809491, 48.42439790000001]}}, {"type": "Feature", "properties": {"name": "Rue Price Ouest", "kind": "tertiary"}, "geometry": {"type": "Point", "coordinates": [-71.0738783, 48.4256969]}}, {"type": "Feature", "properties": {"name": "Rue Price Ouest", "kind": "tertiary"}, "geometry": {"type": "Point", "coordinates": [-71.0758248, 48.4263419]}}, {"type": "Feature", "properties": {"name": "Boulevard du Saguenay Ouest", "kind": "secondary"}, "geometry": {"type": "Point", "coordinates": [-71.0748928, 48.4298327]}}, {"type": "Feature", "properties": {"name": "Boulevard du Saguenay Ouest", "kind": "secondary"}, "geometry": {"type": "Point", "coordinates": [-71.0740872, 48.429780400000006]}}, {"type": "Feature", "properties": {"name": "Boulevard du Saguenay Ouest", "kind": "secondary"}, "geometry": {"type": "Point", "coordinates": [-71.0747064, 48.42992030000002]}}, {"type": "Feature", "properties": {"name": "Boulevard du Saguenay Ouest", "kind": "secondary"}, "geometry": {"type": "Point", "coordinates": [-71.0685812, 48.429571800000005]}}, {"type": "Feature", "properties": {"name": "Route Madoc", "kind": "tertiary"}, "geometry": {"type": "Point", "coordinates": [-71.0536501, 48.484279900000004]}}, {"type": "Feature", "properties": {"name": "Rang Saint-Joseph", "kind": "unclassified"}, "geometry": {"type": "Point", "coordinates": [-70.9980521, 48.425547800000004]}}, {"type": "Feature", "properties": {"name": "Rang Saint-Joseph", "kind": "unclassified"}, "geometry": {"type": "Point", "coordinates": [-70.9818901, 48.4199562]}}, {"type": "Feature", "properties": {"name": "Rang Saint-Martin", "kind": "tertiary"}, "geometry": {"type": "Point", "coordinates": [-70.9182319, 48.4202506]}}, {"type": "Feature", "properties": {"name": "Rang Saint-Martin", "kind": "tertiary"}, "geometry": {"type": "Point", "coordinates": [-70.9604904, 48.432723]}}, {"type": "Feature", "properties": {"name": "Rue Philips", "kind": "residential"}, "geometry": {"type": "Point", "coordinates": [-71.1044237, 48.421139600000004]}}, {"type": "Feature", "properties": {"name": "Rue Rioux", "kind": "residential"}, "geometry": {"type": "Point", "coordinates": [-71.1029363, 48.4203579]}}, {"type": "Feature", "properties": {"name": "Boulevard du Saguenay Est", "kind": "secondary"}, "geometry": {"type": "Point", "coordinates": [-71.0440505, 48.42933399999999]}}, {"type": "Feature", "properties": {"name": "Boulevard du Saguenay Est", "kind": "secondary"}, "geometry": {"type": "Point", "coordinates": [-71.0454821, 48.4296736]}}, {"type": "Feature", "properties": {"name": "Rue Cyprien", "kind": "residential"}, "geometry": {"type": "Point", "coordinates": [-71.0528985, 48.43937170000001]}}, {"type": "Feature", "properties": {"name": "Rue du Cap-Saint-François", "kind": "residential"}, "geometry": {"type": "Point", "coordinates": [-71.0439965, 48.4388991]}}, {"type": "Feature", "properties": {"name": "Rue des Sociétaires", "kind": "unclassified"}, "geometry": {"type": "Point", "coordinates": [-71.1098323, 48.402354]}}, {"type": "Feature", "properties": {"name": "Rue des Saguenéens", "kind": "tertiary_link"}, "geometry": {"type": "Point", "coordinates": [-71.0687079, 48.40826510000001]}}, {"type": "Feature", "properties": {"name": "Rue Bégin", "kind": "tertiary"}, "geometry": {"type": "Point", "coordinates": [-71.0688314, 48.4083268]}}, {"type": "Feature", "properties": {"name": "Rue des Saguenéens", "kind": "tertiary"}, "geometry": {"type": "Point", "coordinates": [-71.0687479, 48.4082178]}}, {"type": "Feature", "properties": {"name": "Rue Bégin", "kind": "tertiary"}, "geometry": {"type": "Point", "coordinates": [-71.0685083, 48.4105263]}}, {"type": "Feature", "properties": {"name": "Boulevard Sainte-Geneviève", "kind": "primary"}, "geometry": {"type": "Point", "coordinates": [-71.0783302, 48.4439379]}}, {"type": "Feature", "properties": {"name": "Boulevard Sainte-Geneviève", "kind": "primary"}, "geometry": {"type": "Point", "coordinates": [-71.0796683, 48.4446256]}}, {"type": "Feature", "properties": {"name": "Boulevard Sainte-Geneviève", "kind": "primary"}, "geometry": {"type": "Point", "coordinates": [-71.0795416, 48.44441030000001]}}, {"type": "Feature", "properties": {"name": "Boulevard du Saguenay Est", "kind": "secondary"}, "geometry": {"type": "Point", "coordinates": [-71.0312227, 48.42973720000002]}}, {"type": "Feature", "properties": {"name": "Boulevard du Saguenay Est", "kind": "secondary"}, "geometry": {"type": "Point", "coordinates": [-71.0338973, 48.429953400000024]}}, {"type": "Feature", "properties": {"name": "Route à Prosper", "kind": "residential"}, "geometry": {"type": "Point", "coordinates": [-71.1626461, 48.36913630000001]}}, {"type": "Feature", "properties": {"name": "rue du Merlot", "kind": "residential"}, "geometry": {"type": "Point", "coordinates": [-71.0836073, 48.3931968]}}, {"type": "Feature", "properties": {"name": "Rue Montcalm", "kind": "secondary"}, "geometry": {"type": "Point", "coordinates": [-71.071592, 48.429059700000025]}}, {"type": "Feature", "properties": {"name": "Rue Montcalm", "kind": "secondary"}, "geometry": {"type": "Point", "coordinates": [-71.07150960000001, 48.4296755]}}, {"type": "Feature", "properties": {"name": "Boulevard du Saguenay Est", "kind": "secondary"}, "geometry": {"type": "Point", "coordinates": [-71.0457769, 48.429812600000005]}}, {"type": "Feature", "properties": {"name": "Place de la Colline", "kind": "residential"}, "geometry": {"type": "Point", "coordinates": [-71.0751399, 48.44404669999998]}}, {"type": "Feature", "properties": {"name": "Rue du Pont", "kind": "tertiary"}, "geometry": {"type": "Point", "coordinates": [-71.0672328, 48.435470099999996]}}, {"type": "Feature", "properties": {"name": "Boulevard de Tadoussac", "kind": "primary"}, "geometry": {"type": "Point", "coordinates": [-71.052507, 48.4415145]}}, {"type": "Feature", "properties": {"name": "Boulevard de Tadoussac", "kind": "primary"}, "geometry": {"type": "Point", "coordinates": [-71.052507, 48.4414947]}}, {"type": "Feature", "properties": {"name": "Rue Racine Est", "kind": "tertiary"}, "geometry": {"type": "Point", "coordinates": [-71.0534071, 48.428692]}}, {"type": "Feature", "properties": {"name": "Rue Racine Est", "kind": "tertiary"}, "geometry": {"type": "Point", "coordinates": [-71.0526564, 48.428774799999985]}}, {"type": "Feature", "properties": {"name": "Rue Racine Est", "kind": "tertiary"}, "geometry": {"type": "Point", "coordinates": [-71.0526564, 48.4287814]}}, {"type": "Feature", "properties": {"name": "Rue du Havre", "kind": "residential"}, "geometry": {"type": "Point", "coordinates": [-71.0562395, 48.4287628]}}, {"type": "Feature", "properties": {"name": "Rue du Havre", "kind": "residential"}, "geometry": {"type": "Point", "coordinates": [-71.0577949, 48.42808540000001]}}, {"type": "Feature", "properties": {"name": "Rue Roussel", "kind": "tertiary"}, "geometry": {"type": "Point", "coordinates": [-71.0646647, 48.43763699999998]}}, {"type": "Feature", "properties": {"name": "Rue de l'Hôtel-de-Ville", "kind": "residential"}, "geometry": {"type": "Point", "coordinates": [-71.0636011, 48.4272485]}}, {"type": "Feature", "properties": {"name": "Boulevard Saint-Sacrement", "kind": "residential"}, "geometry": {"type": "Point", "coordinates": [-71.0621868, 48.4245092]}}, {"type": "Feature", "properties": {"name": "Rue de la Fondation", "kind": "residential"}, "geometry": {"type": "Point", "coordinates": [-71.0518751, 48.420662900000025]}}, {"type": "Feature", "properties": {"name": "Boulevard du Royaume Ouest", "kind": "primary"}, "geometry": {"type": "Point", "coordinates": [-71.0868785, 48.381816]}}, {"type": "Feature", "properties": {"name": "Rue des Routiers", "kind": "residential"}, "geometry": {"type": "Point", "coordinates": [-71.0819057, 48.383642900000005]}}, {"type": "Feature", "properties": {"name": "Rue du Chardonnay", "kind": "residential"}, "geometry": {"type": "Point", "coordinates": [-71.0870737, 48.3929797]}}, {"type": "Feature", "properties": {"name": "Rue du Plein-Air", "kind": "residential"}, "geometry": {"type": "Point", "coordinates": [-71.091276, 48.373447999999996]}}, {"type": "Feature", "properties": {"name": "Rue des Golfeurs", "kind": "residential"}, "geometry": {"type": "Point", "coordinates": [-71.0891903, 48.37358209999999]}}, {"type": "Feature", "properties": {"name": "Rue des Golfeurs", "kind": "residential"}, "geometry": {"type": "Point", "coordinates": [-71.0915007, 48.37233749999999]}}, {"type": "Feature", "properties": {"name": "Rue Gauthier", "kind": "residential"}, "geometry": {"type": "Point", "coordinates": [-71.111101, 48.3025258]}}, {"type": "Feature", "properties": {"name": "Rue Gauthier", "kind": "residential"}, "geometry": {"type": "Point", "coordinates": [-71.1111178, 48.302428799999994]}}, {"type": "Feature", "properties": {"name": "Rue Gauthier", "kind": "residential"}, "geometry": {"type": "Point", "coordinates": [-71.1110584, 48.302662399999996]}}, {"type": "Feature", "properties": {"name": "Rue Gauthier", "kind": "residential"}, "geometry": {"type": "Point", "coordinates": [-71.110946, 48.302800100000006]}}, {"type": "Feature", "properties": {"name": "Chemin Saint-Isidore", "kind": "residential"}, "geometry": {"type": "Point", "coordinates": [-71.090629, 48.31808420000001]}}, {"type": "Feature", "properties": {"name": "Chemin Saint-Isidore", "kind": "residential"}, "geometry": {"type": "Point", "coordinates": [-71.0897349, 48.3176899]}}, {"type": "Feature", "properties": {"name": "Chemin Grenon", "kind": "residential"}, "geometry": {"type": "Point", "coordinates": [-71.0675267, 48.341472]}}, {"type": "Feature", "properties": {"name": "Chemin Grenon", "kind": "residential"}, "geometry": {"type": "Point", "coordinates": [-71.0686789, 48.341977400000005]}}, {"type": "Feature", "properties": {"name": "Rue de Lachevrotière", "kind": "residential"}, "geometry": {"type": "Point", "coordinates": [-71.1104731, 48.41308840000001]}}, {"type": "Feature", "properties": {"name": "Place Monal", "kind": "residential"}, "geometry": {"type": "Point", "coordinates": [-71.1160506, 48.432585300000014]}}, {"type": "Feature", "properties": {"name": "Rue des Carcajous", "kind": "residential"}, "geometry": {"type": "Point", "coordinates": [-71.12022, 48.4123971]}}, {"type": "Feature", "properties": {"name": "Rue du Carrousel", "kind": "residential"}, "geometry": {"type": "Point", "coordinates": [-71.0631749, 48.412234600000005]}}, {"type": "Feature", "properties": {"name": "Rue du Domaine-de-l'Île", "kind": "residential"}, "geometry": {"type": "Point", "coordinates": [-71.1343119, 48.32596980000001]}}, {"type": "Feature", "properties": {"name": "Boulevard du Saguenay Est", "kind": "secondary"}, "geometry": {"type": "Point", "coordinates": [-71.0354745, 48.4298268]}}, {"type": "Feature", "properties": {"name": "Montée du Boisé", "kind": "residential"}, "geometry": {"type": "Point", "coordinates": [-71.2092763, 48.31227590000002]}}, {"type": "Feature", "properties": {"name": "Rue des Crécerelles", "kind": "residential"}, "geometry": {"type": "Point", "coordinates": [-71.0525501, 48.395696300000004]}}, {"type": "Feature", "properties": {"name": "Rue des Saguenéens", "kind": "residential"}, "geometry": {"type": "Point", "coordinates": [-71.0438304, 48.4035335]}}, {"type": "Feature", "properties": {"name": "Rue des Saguenéens", "kind": "residential"}, "geometry": {"type": "Point", "coordinates": [-71.0453945, 48.4034724]}}, {"type": "Feature", "properties": {"name": "Rue Newton", "kind": "residential"}, "geometry": {"type": "Point", "coordinates": [-71.0500737, 48.42372339999999]}}, {"type": "Feature", "properties": {"name": "Rue Newton", "kind": "residential"}, "geometry": {"type": "Point", "coordinates": [-71.0500541, 48.423834799999995]}}, {"type": "Feature", "properties": {"name": "Rue de la Science", "kind": "residential"}, "geometry": {"type": "Point", "coordinates": [-71.0529655, 48.4224803]}}, {"type": "Feature", "properties": {"name": "Rue Jolliet", "kind": "residential"}, "geometry": {"type": "Point", "coordinates": [-71.083421, 48.405626100000006]}}, {"type": "Feature", "properties": {"name": "Rue du Vieux-Pont Nord", "kind": "residential"}, "geometry": {"type": "Point", "coordinates": [-71.1304814, 48.32054370000001]}}, {"type": "Feature", "properties": {"name": "Rue du Boulevard", "kind": "tertiary"}, "geometry": {"type": "Point", "coordinates": [-71.1342461, 48.318052099999996]}}, {"type": "Feature", "properties": {"name": "Chemin du Portage des Roches Sud", "kind": "unclassified"}, "geometry": {"type": "Point", "coordinates": [-71.1409855, 48.30921540000001]}}, {"type": "Feature", "properties": {"name": "Chemin des Saint-Bernard", "kind": "residential"}, "geometry": {"type": "Point", "coordinates": [-71.217264, 48.3065859]}}, {"type": "Feature", "properties": {"name": "Rue Montcalm", "kind": "secondary"}, "geometry": {"type": "Point", "coordinates": [-71.0714322, 48.429671000000006]}}, {"type": "Feature", "properties": {"name": "Boulevard du Saguenay Ouest", "kind": "secondary"}, "geometry": {"type": "Point", "coordinates": [-71.0718011, 48.42974829999999]}}, {"type": "Feature", "properties": {"name": "Boulevard du Saguenay Ouest", "kind": "secondary"}, "geometry": {"type": "Point", "coordinates": [-71.0714791, 48.42961850000001]}}, {"type": "Feature", "properties": {"name": "Rue Montcalm", "kind": "secondary"}, "geometry": {"type": "Point", "coordinates": [-71.0715855, 48.4293392]}}, {"type": "Feature", "properties": {"name": "Rue des Potentilles", "kind": "residential"}, "geometry": {"type": "Point", "coordinates": [-71.1049838, 48.45452310000001]}}, {"type": "Feature", "properties": {"name": "Rue Lacolle", "kind": "residential"}, "geometry": {"type": "Point", "coordinates": [-71.0492237, 48.4482844]}}, {"type": "Feature", "properties": {"name": "Rue Charles-Nolan", "kind": "residential"}, "geometry": {"type": "Point", "coordinates": [-71.0488224, 48.449084]}}, {"type": "Feature", "properties": {"name": "Rue Gauthier", "kind": "residential"}, "geometry": {"type": "Point", "coordinates": [-70.9930724, 48.46411930000001]}}, {"type": "Feature", "properties": {"name": "Rue Lalande", "kind": "residential"}, "geometry": {"type": "Point", "coordinates": [-71.0634228, 48.456374199999985]}}, {"type": "Feature", "properties": {"name": "Rue du Canola", "kind": "residential"}, "geometry": {"type": "Point", "coordinates": [-71.1099701, 48.310808600000016]}}, {"type": "Feature", "properties": {"name": "Rue de l'Aluminium", "kind": "residential"}, "geometry": {"type": "Point", "coordinates": [-71.1169436, 48.30740149999998]}}, {"type": "Feature", "properties": {"name": "Rue du Nickel", "kind": "residential"}, "geometry": {"type": "Point", "coordinates": [-71.1163811, 48.3079654]}}, {"type": "Feature", "properties": {"name": "Rue du Nickel", "kind": "residential"}, "geometry": {"type": "Point", "coordinates": [-71.1153115, 48.30687679999999]}}, {"type": "Feature", "properties": {"name": "Rue du Nickel", "kind": "residential"}, "geometry": {"type": "Point", "coordinates": [-71.1170066, 48.3089546]}}, {"type": "Feature", "properties": {"name": "Rue du Vert-Bois", "kind": "residential"}, "geometry": {"type": "Point", "coordinates": [-71.1461043, 48.33170239999999]}}, {"type": "Feature", "properties": {"name": "Chemin du Portage des Roches Sud", "kind": "residential"}, "geometry": {"type": "Point", "coordinates": [-71.1415176, 48.3102918]}}, {"type": "Feature", "properties": {"name": "Rue de la Frayère", "kind": "residential"}, "geometry": {"type": "Point", "coordinates": [-71.1022918, 48.305147300000016]}}, {"type": "Feature", "properties": {"name": "Rue de l'Écologie", "kind": "residential"}, "geometry": {"type": "Point", "coordinates": [-71.0902658, 48.37507020000001]}}, {"type": "Feature", "properties": {"name": "Rue des Cygnes", "kind": "residential"}, "geometry": {"type": "Point", "coordinates": [-71.0625864, 48.39626710000001]}}, {"type": "Feature", "properties": {"name": "Rue des Hirondelles", "kind": "residential"}, "geometry": {"type": "Point", "coordinates": [-71.0612422, 48.392008000000004]}}, {"type": "Feature", "properties": {"name": "Rue des Colombes", "kind": "residential"}, "geometry": {"type": "Point", "coordinates": [-71.0599305, 48.391654800000005]}}, {"type": "Feature", "properties": {"name": "Rue des Chouettes", "kind": "residential"}, "geometry": {"type": "Point", "coordinates": [-71.0584121, 48.3932219]}}, {"type": "Feature", "properties": {"name": "Rue des Harfangs", "kind": "residential"}, "geometry": {"type": "Point", "coordinates": [-71.06217690000001, 48.39274919999999]}}, {"type": "Feature", "properties": {"name": "Rue des Bécasses", "kind": "residential"}, "geometry": {"type": "Point", "coordinates": [-71.0593943, 48.3953486]}}, {"type": "Feature", "properties": {"name": "Rue des Tourterelles", "kind": "residential"}, "geometry": {"type": "Point", "coordinates": [-71.0576013, 48.392194200000006]}}, {"type": "Feature", "properties": {"name": "Rue des Bruants", "kind": "residential"}, "geometry": {"type": "Point", "coordinates": [-71.0534288, 48.3906753]}}, {"type": "Feature", "properties": {"name": "Rue des Aigles", "kind": "residential"}, "geometry": {"type": "Point", "coordinates": [-71.049674, 48.3908273]}}, {"type": "Feature", "properties": {"name": "Rue du Rivage", "kind": "residential"}, "geometry": {"type": "Point", "coordinates": [-71.1403782, 48.33971400000001]}}, {"type": "Feature", "properties": {"name": "Rue du Ciné-Parc", "kind": "residential"}, "geometry": {"type": "Point", "coordinates": [-71.1176956, 48.38656079999998]}}, {"type": "Feature", "properties": {"name": "Rue du Cinéma", "kind": "residential"}, "geometry": {"type": "Point", "coordinates": [-71.1180958, 48.3861902]}}, {"type": "Feature", "properties": {"name": "Rue du Cinéma", "kind": "residential"}, "geometry": {"type": "Point", "coordinates": [-71.1185862, 48.38572310000001]}}, {"type": "Feature", "properties": {"name": "Rue de la Rupert", "kind": "unclassified"}, "geometry": {"type": "Point", "coordinates": [-71.1040308, 48.3946622]}}, {"type": "Feature", "properties": {"name": "Rue Madoc", "kind": "residential"}, "geometry": {"type": "Point", "coordinates": [-71.0565007, 48.46313370000001]}}, {"type": "Feature", "properties": {"name": "Chemin de la Chaîne", "kind": "residential"}, "geometry": {"type": "Point", "coordinates": [-71.1252001, 48.29684910000002]}}, {"type": "Feature", "properties": {"name": "Rang Saint-Pierre", "kind": "residential"}, "geometry": {"type": "Point", "coordinates": [-71.1300412, 48.3945981]}}, {"type": "Feature", "properties": {"name": "Rue du Pont", "kind": "tertiary"}, "geometry": {"type": "Point", "coordinates": [-71.0673695, 48.43633870000001]}}, {"type": "Feature", "properties": {"name": "Rue du Pont", "kind": "tertiary"}, "geometry": {"type": "Point", "coordinates": [-71.0673449, 48.4358243]}}, {"type": "Feature", "properties": {"name": "Boulevard de Tadoussac", "kind": "primary"}, "geometry": {"type": "Point", "coordinates": [-71.0671764, 48.4351431]}}, {"type": "Feature", "properties": {"name": "Rue du Pont", "kind": "secondary"}, "geometry": {"type": "Point", "coordinates": [-71.0671008, 48.4351031]}}, {"type": "Feature", "properties": {"name": "Rue de la Liberté", "kind": "residential"}, "geometry": {"type": "Point", "coordinates": [-71.0694027, 48.43876279999999]}}, {"type": "Feature", "properties": {"name": "Boulevard Sainte-Geneviève", "kind": "primary"}, "geometry": {"type": "Point", "coordinates": [-71.0692582, 48.43868640000001]}}, {"type": "Feature", "properties": {"name": "Place Einstein", "kind": "residential"}, "geometry": {"type": "Point", "coordinates": [-71.0567453, 48.4152883]}}, {"type": "Feature", "properties": {"name": "Place Copernic", "kind": "residential"}, "geometry": {"type": "Point", "coordinates": [-71.0544387, 48.41346599999999]}}, {"type": "Feature", "properties": {"name": "Rue Marie-Curie", "kind": "residential"}, "geometry": {"type": "Point", "coordinates": [-71.0564887, 48.41303069999999]}}, {"type": "Feature", "properties": {"name": "Rue Haziel", "kind": "residential"}, "geometry": {"type": "Point", "coordinates": [-71.1362806, 48.40028860000002]}}, {"type": "Feature", "properties": {"name": "Rue Jacques-Cartier Est", "kind": "secondary"}, "geometry": {"type": "Point", "coordinates": [-71.0535045, 48.4256313]}}, {"type": "Feature", "properties": {"name": "Rang Saint-Paul", "kind": "tertiary"}, "geometry": {"type": "Point", "coordinates": [-71.1309854, 48.37295710000001]}}, {"type": "Feature", "properties": {"name": "Rue d'Alma", "kind": "residential"}, "geometry": {"type": "Point", "coordinates": [-71.048107, 48.4175312]}}, {"type": "Feature", "properties": {"name": "Boulevard Saint-Paul", "kind": "secondary"}, "geometry": {"type": "Point", "coordinates": [-71.1117026, 48.3911941]}}, {"type": "Feature", "properties": {"name": "Boulevard Saint-Paul", "kind": "secondary"}, "geometry": {"type": "Point", "coordinates": [-71.1102637, 48.3922649]}}, {"type": "Feature", "properties": {"name": "Boulevard Sainte-Geneviève", "kind": "primary"}, "geometry": {"type": "Point", "coordinates": [-71.0920566, 48.45149850000001]}}, {"type": "Feature", "properties": {"name": "Boulevard de l'Université", "kind": "secondary"}, "geometry": {"type": "Point", "coordinates": [-71.0462705, 48.41037779999999]}}, {"type": "Feature", "properties": {"name": "Boulevard de l'Université", "kind": "secondary"}, "geometry": {"type": "Point", "coordinates": [-71.0444016, 48.41040780000001]}}, {"type": "Feature", "properties": {"name": "Rue du Chrome", "kind": "residential"}, "geometry": {"type": "Point", "coordinates": [-71.1176935, 48.30757589999999]}}, {"type": "Feature", "properties": {"name": "Rue Dubuc", "kind": "residential"}, "geometry": {"type": "Point", "coordinates": [-71.0749509, 48.4213925]}}, {"type": "Feature", "properties": {"name": "Rue Saint-Paul", "kind": "tertiary"}, "geometry": {"type": "Point", "coordinates": [-71.0749689, 48.421703000000015]}}, {"type": "Feature", "properties": {"name": "Chemin des Sables", "kind": "unclassified"}, "geometry": {"type": "Point", "coordinates": [-71.0234693, 48.315728299999996]}}, {"type": "Feature", "properties": {"name": "Chemin du Plateau Sud", "kind": "unclassified"}, "geometry": {"type": "Point", "coordinates": [-71.0185328, 48.333093999999996]}}, {"type": "Feature", "properties": {"name": "Rue Gabrielle-B.-Grimard", "kind": "residential"}, "geometry": {"type": "Point", "coordinates": [-71.1358523, 48.396237899999996]}}, {"type": "Feature", "properties": {"name": "Rue des Cigognes", "kind": "residential"}, "geometry": {"type": "Point", "coordinates": [-71.0461052, 48.3914359]}}, {"type": "Feature", "properties": {"name": "Rue des Goélands", "kind": "residential"}, "geometry": {"type": "Point", "coordinates": [-71.0511461, 48.39244119999999]}}, {"type": "Feature", "properties": {"name": "Rue des Arlequins", "kind": "residential"}, "geometry": {"type": "Point", "coordinates": [-71.0555744, 48.3911312]}}, {"type": "Feature", "properties": {"name": "Rue des Harfangs", "kind": "residential"}, "geometry": {"type": "Point", "coordinates": [-71.0616206, 48.39473329999999]}}, {"type": "Feature", "properties": {"name": "Rue Jacques-Cartier Est", "kind": "secondary"}, "geometry": {"type": "Point", "coordinates": [-71.0516074, 48.42537170000001]}}, {"type": "Feature", "properties": {"name": "Rue Newton", "kind": "residential"}, "geometry": {"type": "Point", "coordinates": [-71.0504763, 48.4234974]}}, {"type": "Feature", "properties": {"name": "Rue de l'Alsace", "kind": "residential"}, "geometry": {"type": "Point", "coordinates": [-71.0246431, 48.41586980000001]}}, {"type": "Feature", "properties": {"name": "Rue Adélard-Gobeil", "kind": "residential"}, "geometry": {"type": "Point", "coordinates": [-71.0262564, 48.41592]}}, {"type": "Feature", "properties": {"name": "Rue de la Terrasse", "kind": "residential"}, "geometry": {"type": "Point", "coordinates": [-71.0255473, 48.42592609999999]}}, {"type": "Feature", "properties": {"name": "Rue du Charolais", "kind": "residential"}, "geometry": {"type": "Point", "coordinates": [-71.015604, 48.429351399999994]}}, {"type": "Feature", "properties": {"name": "Boulevard du Saguenay Ouest", "kind": "secondary"}, "geometry": {"type": "Point", "coordinates": [-71.0781004, 48.430444]}}, {"type": "Feature", "properties": {"name": "Boulevard du Saguenay Ouest", "kind": "secondary"}, "geometry": {"type": "Point", "coordinates": [-71.0753092, 48.4299574]}}, {"type": "Feature", "properties": {"name": "Boulevard du Saguenay Ouest", "kind": "secondary"}, "geometry": {"type": "Point", "coordinates": [-71.0758967, 48.4299954]}}, {"type": "Feature", "properties": {"name": "Pont Dubuc", "kind": "primary"}, "geometry": {"type": "Point", "coordinates": [-71.0717879, 48.4305827]}}, {"type": "Feature", "properties": {"name": "Pont Dubuc", "kind": "primary"}, "geometry": {"type": "Point", "coordinates": [-71.0705501, 48.432765499999995]}}, {"type": "Feature", "properties": {"name": "Boulevard du Saguenay Ouest", "kind": "secondary"}, "geometry": {"type": "Point", "coordinates": [-71.0693808, 48.429609100000015]}}, {"type": "Feature", "properties": {"name": "Boulevard du Saguenay Ouest", "kind": "secondary"}, "geometry": {"type": "Point", "coordinates": [-71.0702428, 48.4296566]}}, {"type": "Feature", "properties": {"name": "Boulevard du Saguenay Ouest", "kind": "secondary"}, "geometry": {"type": "Point", "coordinates": [-71.0724628, 48.429787100000006]}}, {"type": "Feature", "properties": {"name": "Boulevard du Saguenay Ouest", "kind": "secondary"}, "geometry": {"type": "Point", "coordinates": [-71.0732095, 48.42983109999998]}}, {"type": "Feature", "properties": {"name": "Boulevard du Saguenay Ouest", "kind": "secondary"}, "geometry": {"type": "Point", "coordinates": [-71.0740431, 48.4298804]}}, {"type": "Feature", "properties": {"name": "Boulevard du Saguenay Ouest", "kind": "secondary"}, "geometry": {"type": "Point", "coordinates": [-71.0727119, 48.429694400000024]}}, {"type": "Feature", "properties": {"name": "Boulevard du Saguenay Ouest", "kind": "secondary"}, "geometry": {"type": "Point", "coordinates": [-71.0718241, 48.42964009999999]}}, {"type": "Feature", "properties": {"name": "Rue Montcalm", "kind": "secondary"}, "geometry": {"type": "Point", "coordinates": [-71.071542, 48.42853309999999]}}, {"type": "Feature", "properties": {"name": "Rue Montcalm", "kind": "secondary"}, "geometry": {"type": "Point", "coordinates": [-71.0716339, 48.428999100000006]}}, {"type": "Feature", "properties": {"name": "Rue Montcalm", "kind": "secondary"}, "geometry": {"type": "Point", "coordinates": [-71.0715348, 48.4292742]}}, {"type": "Feature", "properties": {"name": "Rue Montcalm", "kind": "secondary"}, "geometry": {"type": "Point", "coordinates": [-71.0714723, 48.429492900000014]}}, {"type": "Feature", "properties": {"name": "Pont Dubuc", "kind": "primary"}, "geometry": {"type": "Point", "coordinates": [-71.0691642, 48.4349686]}}, {"type": "Feature", "properties": {"name": "Boulevard du Saguenay Ouest", "kind": "secondary"}, "geometry": {"type": "Point", "coordinates": [-71.07146260000002, 48.42972799999999]}}, {"type": "Feature", "properties": {"name": "Rue Montcalm", "kind": "secondary"}, "geometry": {"type": "Point", "coordinates": [-71.0716125, 48.4289089]}}, {"type": "Feature", "properties": {"name": "Boulevard du Saguenay Ouest", "kind": "secondary"}, "geometry": {"type": "Point", "coordinates": [-71.0701052, 48.4295332]}}, {"type": "Feature", "properties": {"name": "Boulevard du Saguenay Ouest", "kind": "secondary"}, "geometry": {"type": "Point", "coordinates": [-71.0694339, 48.4295053]}}, {"type": "Feature", "properties": {"name": "Boulevard du Saguenay Ouest", "kind": "secondary"}, "geometry": {"type": "Point", "coordinates": [-71.0710249, 48.42970280000001]}}, {"type": "Feature", "properties": {"name": "Boulevard du Saguenay Ouest", "kind": "secondary"}, "geometry": {"type": "Point", "coordinates": [-71.0687033, 48.429469299999994]}}, {"type": "Feature", "properties": {"name": "Boulevard Saint-Paul", "kind": "primary"}, "geometry": {"type": "Point", "coordinates": [-71.0722549, 48.42714920000002]}}, {"type": "Feature", "properties": {"name": "Boulevard Saint-Paul", "kind": "primary"}, "geometry": {"type": "Point", "coordinates": [-71.0721789, 48.42623820000001]}}, {"type": "Feature", "properties": {"name": "Boulevard Saint-Paul", "kind": "primary"}, "geometry": {"type": "Point", "coordinates": [-71.072095, 48.4293381]}}, {"type": "Feature", "properties": {"name": "Boulevard Saint-Paul", "kind": "primary"}, "geometry": {"type": "Point", "coordinates": [-71.0721091, 48.429010899999994]}}, {"type": "Feature", "properties": {"name": "Boulevard Saint-Paul", "kind": "primary"}, "geometry": {"type": "Point", "coordinates": [-71.07208, 48.4269833]}}, {"type": "Feature", "properties": {"name": "Boulevard Saint-Paul", "kind": "primary"}, "geometry": {"type": "Point", "coordinates": [-71.0721011, 48.428038100000016]}}, {"type": "Feature", "properties": {"name": "Rue Montcalm", "kind": "secondary"}, "geometry": {"type": "Point", "coordinates": [-71.071362, 48.42740600000001]}}, {"type": "Feature", "properties": {"name": "Rue Smith Ouest", "kind": "residential"}, "geometry": {"type": "Point", "coordinates": [-71.0691064, 48.42901970000001]}}, {"type": "Feature", "properties": {"name": "Boulevard Saint-Paul", "kind": "primary"}, "geometry": {"type": "Point", "coordinates": [-71.0720854, 48.42723920000001]}}, {"type": "Feature", "properties": {"name": "Rue Montcalm", "kind": "secondary"}, "geometry": {"type": "Point", "coordinates": [-71.0714339, 48.4279239]}}, {"type": "Feature", "properties": {"name": "Rue Montcalm", "kind": "residential"}, "geometry": {"type": "Point", "coordinates": [-71.0714632, 48.4264231]}}, {"type": "Feature", "properties": {"name": "Rue Montcalm", "kind": "residential"}, "geometry": {"type": "Point", "coordinates": [-71.0715175, 48.4264316]}}, {"type": "Feature", "properties": {"name": "Rue Montcalm", "kind": "residential"}, "geometry": {"type": "Point", "coordinates": [-71.0715359, 48.4261647]}}, {"type": "Feature", "properties": {"name": "Rue du Pont", "kind": "tertiary"}, "geometry": {"type": "Point", "coordinates": [-71.0674704, 48.4358052]}}, {"type": "Feature", "properties": {"name": "Rue du Pont", "kind": "tertiary"}, "geometry": {"type": "Point", "coordinates": [-71.0673743, 48.43596710000002]}}, {"type": "Feature", "properties": {"name": "Rue du Pont", "kind": "tertiary"}, "geometry": {"type": "Point", "coordinates": [-71.067349, 48.435439299999985]}}, {"type": "Feature", "properties": {"name": "Boulevard Sainte-Geneviève", "kind": "primary"}, "geometry": {"type": "Point", "coordinates": [-71.0687955, 48.4358706]}}, {"type": "Feature", "properties": {"name": "Boulevard Sainte-Geneviève", "kind": "primary"}, "geometry": {"type": "Point", "coordinates": [-71.0690246, 48.435477799999994]}}, {"type": "Feature", "properties": {"name": "Boulevard Sainte-Geneviève", "kind": "primary"}, "geometry": {"type": "Point", "coordinates": [-71.0686335, 48.4359101]}}, {"type": "Feature", "properties": {"name": "Boulevard Sainte-Geneviève", "kind": "primary"}, "geometry": {"type": "Point", "coordinates": [-71.0683396, 48.4370436]}}, {"type": "Feature", "properties": {"name": "Rue des Champs", "kind": "tertiary"}, "geometry": {"type": "Point", "coordinates": [-71.0726366, 48.4426001]}}, {"type": "Feature", "properties": {"name": "Rue des Champs", "kind": "tertiary"}, "geometry": {"type": "Point", "coordinates": [-71.0736497, 48.442085299999995]}}, {"type": "Feature", "properties": {"name": "Boulevard Sainte-Geneviève", "kind": "primary"}, "geometry": {"type": "Point", "coordinates": [-71.0739101, 48.441767000000006]}}, {"type": "Feature", "properties": {"name": "Boulevard Sainte-Geneviève", "kind": "primary"}, "geometry": {"type": "Point", "coordinates": [-71.0762321, 48.44296739999999]}}, {"type": "Feature", "properties": {"name": "Rue des Champs", "kind": "residential"}, "geometry": {"type": "Point", "coordinates": [-71.0742929, 48.441660900000024]}}, {"type": "Feature", "properties": {"name": "Boulevard Sainte-Geneviève", "kind": "primary"}, "geometry": {"type": "Point", "coordinates": [-71.0733135, 48.441403900000005]}}, {"type": "Feature", "properties": {"name": "Boulevard Sainte-Geneviève", "kind": "primary"}, "geometry": {"type": "Point", "coordinates": [-71.0736931, 48.4416361]}}, {"type": "Feature", "properties": {"name": "Boulevard Sainte-Geneviève", "kind": "primary"}, "geometry": {"type": "Point", "coordinates": [-71.0722085, 48.4407197]}}, {"type": "Feature", "properties": {"name": "Boulevard Sainte-Geneviève", "kind": "primary"}, "geometry": {"type": "Point", "coordinates": [-71.0700077, 48.4392527]}}, {"type": "Feature", "properties": {"name": "Boulevard Sainte-Geneviève", "kind": "primary"}, "geometry": {"type": "Point", "coordinates": [-71.0695545, 48.4389378]}}, {"type": "Feature", "properties": {"name": "Rue de la Liberté", "kind": "residential"}, "geometry": {"type": "Point", "coordinates": [-71.0694318, 48.4386621]}}, {"type": "Feature", "properties": {"name": "Rue de la Liberté", "kind": "residential"}, "geometry": {"type": "Point", "coordinates": [-71.0694708, 48.43857550000001]}}, {"type": "Feature", "properties": {"name": "Rue Roussel", "kind": "tertiary"}, "geometry": {"type": "Point", "coordinates": [-71.0691817, 48.4376441]}}, {"type": "Feature", "properties": {"name": "Rue Roussel", "kind": "tertiary"}, "geometry": {"type": "Point", "coordinates": [-71.0695119, 48.43761549999999]}}, {"type": "Feature", "properties": {"name": "Boulevard Sainte-Geneviève", "kind": "tertiary"}, "geometry": {"type": "Point", "coordinates": [-71.0680502, 48.43800769999999]}}, {"type": "Feature", "properties": {"name": "Rue du Pont", "kind": "residential"}, "geometry": {"type": "Point", "coordinates": [-71.0672407, 48.43748329999999]}}, {"type": "Feature", "properties": {"name": "Rue Roussel", "kind": "tertiary"}, "geometry": {"type": "Point", "coordinates": [-71.06822000000001, 48.43746479999999]}}, {"type": "Feature", "properties": {"name": "Rue du Pont", "kind": "tertiary"}, "geometry": {"type": "Point", "coordinates": [-71.0673056, 48.43689820000001]}}, {"type": "Feature", "properties": {"name": "Rue du Pont", "kind": "residential"}, "geometry": {"type": "Point", "coordinates": [-71.0664885, 48.4381441]}}, {"type": "Feature", "properties": {"name": "Rue Roussel", "kind": "tertiary"}, "geometry": {"type": "Point", "coordinates": [-71.066756, 48.4372623]}}, {"type": "Feature", "properties": {"name": "Rue Bégin", "kind": "tertiary"}, "geometry": {"type": "Point", "coordinates": [-71.0748369, 48.40346559999998]}}, {"type": "Feature", "properties": {"name": "Rue Des Roitelets", "kind": "tertiary"}, "geometry": {"type": "Point", "coordinates": [-71.0490236, 48.404417500000015]}}, {"type": "Feature", "properties": {"name": "Rue Des Roitelets", "kind": "tertiary"}, "geometry": {"type": "Point", "coordinates": [-71.0482178, 48.409661500000006]}}, {"type": "Feature", "properties": {"name": "Boulevard Talbot", "kind": "primary"}, "geometry": {"type": "Point", "coordinates": [-71.0612409, 48.4016733]}}, {"type": "Feature", "properties": {"name": "Boulevard Talbot", "kind": "primary"}, "geometry": {"type": "Point", "coordinates": [-71.0595784, 48.40316070000001]}}, {"type": "Feature", "properties": {"name": "Boulevard Talbot", "kind": "primary"}, "geometry": {"type": "Point", "coordinates": [-71.0744996, 48.390210700000004]}}, {"type": "Feature", "properties": {"name": "Rue Don-Bosco", "kind": "residential"}, "geometry": {"type": "Point", "coordinates": [-71.063103, 48.407602200000014]}}, {"type": "Feature", "properties": {"name": "Rue Don-Bosco", "kind": "residential"}, "geometry": {"type": "Point", "coordinates": [-71.0669899, 48.4096242]}}, {"type": "Feature", "properties": {"name": "Rue des Investisseurs", "kind": "unclassified"}, "geometry": {"type": "Point", "coordinates": [-71.1148361, 48.4028693]}}, {"type": "Feature", "properties": {"name": "Rue des Affaires", "kind": "unclassified"}, "geometry": {"type": "Point", "coordinates": [-71.115347, 48.40348670000001]}}, {"type": "Feature", "properties": {"name": "Rue Aladiah", "kind": "residential"}, "geometry": {"type": "Point", "coordinates": [-71.1363095, 48.40033950000001]}}, {"type": "Feature", "properties": {"name": "Rue Gabriel", "kind": "residential"}, "geometry": {"type": "Point", "coordinates": [-71.1315455, 48.4007248]}}, {"type": "Feature", "properties": {"name": "Chemin de la Batture-Saint-Paul", "kind": "unclassified"}, "geometry": {"type": "Point", "coordinates": [-71.1517065, 48.3515417]}}, {"type": "Feature", "properties": {"name": "Rue du Cap-Saint-François", "kind": "residential"}, "geometry": {"type": "Point", "coordinates": [-71.0429913, 48.4384716]}}, {"type": "Feature", "properties": {"name": "Chemin Carmen", "kind": "residential"}, "geometry": {"type": "Point", "coordinates": [-71.1569796, 48.311721100000014]}}, {"type": "Feature", "properties": {"name": "Chemin Rosaire", "kind": "residential"}, "geometry": {"type": "Point", "coordinates": [-71.1555932, 48.31204690000001]}}, {"type": "Feature", "properties": {"name": "Chemin des Repères", "kind": "residential"}, "geometry": {"type": "Point", "coordinates": [-71.1569924, 48.31271030000001]}}, {"type": "Feature", "properties": {"name": "Place de Chande", "kind": "residential"}, "geometry": {"type": "Point", "coordinates": [-71.0723869, 48.40675720000001]}}, {"type": "Feature", "properties": {"name": "Rue du Ciné-Parc", "kind": "residential"}, "geometry": {"type": "Point", "coordinates": [-71.1194553, 48.38670319999999]}}, {"type": "Feature", "properties": {"name": "Rue du Sauvignon", "kind": "residential"}, "geometry": {"type": "Point", "coordinates": [-71.0840183, 48.3937216]}}, {"type": "Feature", "properties": {"name": "Rue du Domaine-des-Cépages", "kind": "residential"}, "geometry": {"type": "Point", "coordinates": [-71.0802709, 48.3923409]}}, {"type": "Feature", "properties": {"name": "Rue Jean-Paul Sartre", "kind": "residential"}, "geometry": {"type": "Point", "coordinates": [-71.0831229, 48.3996457]}}, {"type": "Feature", "properties": {"name": "Boulevard Saint-Paul", "kind": "secondary"}, "geometry": {"type": "Point", "coordinates": [-71.1076827, 48.394351300000004]}}, {"type": "Feature", "properties": {"name": "Boulevard Saint-Paul", "kind": "secondary"}, "geometry": {"type": "Point", "coordinates": [-71.1079653, 48.39410530000001]}}, {"type": "Feature", "properties": {"name": "Boulevard Saint-Paul", "kind": "secondary"}, "geometry": {"type": "Point", "coordinates": [-71.1095645, 48.39299179999999]}}, {"type": "Feature", "properties": {"name": "Boulevard Saint-Paul", "kind": "secondary"}, "geometry": {"type": "Point", "coordinates": [-71.1088132, 48.39358810000002]}}, {"type": "Feature", "properties": {"name": "Boulevard Saint-Paul", "kind": "secondary"}, "geometry": {"type": "Point", "coordinates": [-71.1094473, 48.39290400000001]}}, {"type": "Feature", "properties": {"name": "Boulevard Saint-Paul", "kind": "secondary"}, "geometry": {"type": "Point", "coordinates": [-71.1109053, 48.3919309]}}, {"type": "Feature", "properties": {"name": "Boulevard Saint-Paul", "kind": "secondary"}, "geometry": {"type": "Point", "coordinates": [-71.1103801, 48.3923484]}}, {"type": "Feature", "properties": {"name": "Boulevard Saint-Paul", "kind": "primary"}, "geometry": {"type": "Point", "coordinates": [-71.0732783, 48.4221379]}}, {"type": "Feature", "properties": {"name": "Rue Bersimis", "kind": "unclassified"}, "geometry": {"type": "Point", "coordinates": [-71.1084766, 48.39469549999998]}}, {"type": "Feature", "properties": {"name": "Boulevard Saint-Paul", "kind": "secondary"}, "geometry": {"type": "Point", "coordinates": [-71.11130410000001, 48.39139140000001]}}, {"type": "Feature", "properties": {"name": "Boulevard Saint-Paul", "kind": "secondary"}, "geometry": {"type": "Point", "coordinates": [-71.1120511, 48.3906656]}}, {"type": "Feature", "properties": {"name": "Boulevard Saint-Paul", "kind": "secondary"}, "geometry": {"type": "Point", "coordinates": [-71.1119037, 48.390816799999996]}}, {"type": "Feature", "properties": {"name": "Boulevard Saint-Paul", "kind": "secondary"}, "geometry": {"type": "Point", "coordinates": [-71.111749, 48.390973599999995]}}, {"type": "Feature", "properties": {"name": "Boulevard Saint-Paul", "kind": "secondary"}, "geometry": {"type": "Point", "coordinates": [-71.1123934, 48.3905278]}}, {"type": "Feature", "properties": {"name": "Boulevard Saint-Paul", "kind": "secondary"}, "geometry": {"type": "Point", "coordinates": [-71.1125494, 48.390366099999994]}}, {"type": "Feature", "properties": {"name": "Boulevard Saint-Paul", "kind": "secondary"}, "geometry": {"type": "Point", "coordinates": [-71.1123088, 48.39039929999999]}}, {"type": "Feature", "properties": {"name": "Rue Blériot", "kind": "residential"}, "geometry": {"type": "Point", "coordinates": [-71.11257840000002, 48.3902289]}}, {"type": "Feature", "properties": {"name": "Boulevard Saint-Paul", "kind": "secondary"}, "geometry": {"type": "Point", "coordinates": [-71.1139457, 48.38885140000002]}}, {"type": "Feature", "properties": {"name": "Boulevard Saint-Paul", "kind": "secondary"}, "geometry": {"type": "Point", "coordinates": [-71.091908, 48.408408699999995]}}, {"type": "Feature", "properties": {"name": "Boulevard Barrette", "kind": "secondary"}, "geometry": {"type": "Point", "coordinates": [-71.0969305, 48.40384319999998]}}, {"type": "Feature", "properties": {"name": "Boulevard Barrette", "kind": "tertiary"}, "geometry": {"type": "Point", "coordinates": [-71.0981628, 48.404460799999995]}}, {"type": "Feature", "properties": {"name": "Boulevard Barrette", "kind": "tertiary"}, "geometry": {"type": "Point", "coordinates": [-71.0985974, 48.40469840000001]}}, {"type": "Feature", "properties": {"name": "Boulevard Barrette", "kind": "secondary"}, "geometry": {"type": "Point", "coordinates": [-71.097825, 48.404264]}}, {"type": "Feature", "properties": {"name": "Boulevard Barrette", "kind": "secondary"}, "geometry": {"type": "Point", "coordinates": [-71.0963438, 48.4035903]}}, {"type": "Feature", "properties": {"name": "Boulevard Barrette", "kind": "secondary"}, "geometry": {"type": "Point", "coordinates": [-71.0962595, 48.40359279999999]}}, {"type": "Feature", "properties": {"name": "Boulevard Barrette", "kind": "tertiary"}, "geometry": {"type": "Point", "coordinates": [-71.0974966, 48.404220300000006]}}, {"type": "Feature", "properties": {"name": "Boulevard Barrette", "kind": "secondary"}, "geometry": {"type": "Point", "coordinates": [-71.0970855, 48.40401269999999]}}, {"type": "Feature", "properties": {"name": "Boulevard Barrette", "kind": "secondary"}, "geometry": {"type": "Point", "coordinates": [-71.0968125, 48.40387590000001]}}, {"type": "Feature", "properties": {"name": "Rue Voltaire", "kind": "residential"}, "geometry": {"type": "Point", "coordinates": [-71.0953604, 48.4024171]}}, {"type": "Feature", "properties": {"name": "Boulevard Barrette", "kind": "secondary"}, "geometry": {"type": "Point", "coordinates": [-71.095417, 48.40316909999999]}}, {"type": "Feature", "properties": {"name": "Boulevard Barrette", "kind": "tertiary"}, "geometry": {"type": "Point", "coordinates": [-71.0974826, 48.404095500000004]}}, {"type": "Feature", "properties": {"name": "Boulevard Barrette", "kind": "secondary"}, "geometry": {"type": "Point", "coordinates": [-71.0971607, 48.40394439999999]}}, {"type": "Feature", "properties": {"name": "Boulevard Barrette", "kind": "tertiary"}, "geometry": {"type": "Point", "coordinates": [-71.098124, 48.40450069999999]}}, {"type": "Feature", "properties": {"name": "Boulevard Barrette", "kind": "tertiary"}, "geometry": {"type": "Point", "coordinates": [-71.1004182, 48.405412]}}, {"type": "Feature", "properties": {"name": "Rue Descartes", "kind": "residential"}, "geometry": {"type": "Point", "coordinates": [-71.0928478, 48.407683600000006]}}, {"type": "Feature", "properties": {"name": "Boulevard Saint-Paul", "kind": "secondary"}, "geometry": {"type": "Point", "coordinates": [-71.0918497, 48.408373299999994]}}, {"type": "Feature", "properties": {"name": "Rue des Actionnaires", "kind": "unclassified"}, "geometry": {"type": "Point", "coordinates": [-71.1017528, 48.399838300000006]}}, {"type": "Feature", "properties": {"name": "Rue Cossette", "kind": "unclassified"}, "geometry": {"type": "Point", "coordinates": [-71.1032498, 48.3984966]}}, {"type": "Feature", "properties": {"name": "Rue Cossette", "kind": "unclassified"}, "geometry": {"type": "Point", "coordinates": [-71.1057561, 48.39970660000001]}}, {"type": "Feature", "properties": {"name": "Rue de la Manic", "kind": "unclassified"}, "geometry": {"type": "Point", "coordinates": [-71.1066866, 48.39579520000001]}}, {"type": "Feature", "properties": {"name": "Boulevard Saint-Paul", "kind": "secondary"}, "geometry": {"type": "Point", "coordinates": [-71.0923753, 48.4081133]}}, {"type": "Feature", "properties": {"name": "Rue des Actionnaires", "kind": "unclassified"}, "geometry": {"type": "Point", "coordinates": [-71.1001128, 48.39880800000002]}}, {"type": "Feature", "properties": {"name": "Rue des Actionnaires", "kind": "unclassified"}, "geometry": {"type": "Point", "coordinates": [-71.1062789, 48.4020139]}}, {"type": "Feature", "properties": {"name": "Rue Élisabeth-Riverin", "kind": "residential"}, "geometry": {"type": "Point", "coordinates": [-71.1135775, 48.39081319999999]}}, {"type": "Feature", "properties": {"name": "Rue Jules -Verne", "kind": "residential"}, "geometry": {"type": "Point", "coordinates": [-71.0873943, 48.403118000000006]}}, {"type": "Feature", "properties": {"name": "Rue Yves Thériault", "kind": "residential"}, "geometry": {"type": "Point", "coordinates": [-71.0812219, 48.4019714]}}, {"type": "Feature", "properties": {"name": "Rue Blackburn", "kind": "residential"}, "geometry": {"type": "Point", "coordinates": [-71.0768441, 48.40193159999999]}}, {"type": "Feature", "properties": {"name": "Rue de l'Intendant", "kind": "residential"}, "geometry": {"type": "Point", "coordinates": [-71.0732483, 48.401481799999985]}}, {"type": "Feature", "properties": {"name": "Rue de Clermont", "kind": "residential"}, "geometry": {"type": "Point", "coordinates": [-71.0698285, 48.40254660000002]}}, {"type": "Feature", "properties": {"name": "Rue des Tamis", "kind": "residential"}, "geometry": {"type": "Point", "coordinates": [-71.1008487, 48.4091422]}}, {"type": "Feature", "properties": {"name": "Boulevard Saint-Paul", "kind": "secondary"}, "geometry": {"type": "Point", "coordinates": [-71.0808072, 48.41643009999999]}}, {"type": "Feature", "properties": {"name": "Boulevard Saint-Paul", "kind": "secondary"}, "geometry": {"type": "Point", "coordinates": [-71.0887972, 48.41069250000001]}}, {"type": "Feature", "properties": {"name": "Boulevard Saint-Paul", "kind": "secondary"}, "geometry": {"type": "Point", "coordinates": [-71.1069897, 48.394984300000004]}}, {"type": "Feature", "properties": {"name": "Boulevard Saint-Paul", "kind": "secondary"}, "geometry": {"type": "Point", "coordinates": [-71.1067969, 48.395162099999986]}}, {"type": "Feature", "properties": {"name": "Boulevard Saint-Paul", "kind": "secondary"}, "geometry": {"type": "Point", "coordinates": [-71.1065107, 48.39542399999999]}}, {"type": "Feature", "properties": {"name": "Boulevard Saint-Paul", "kind": "secondary"}, "geometry": {"type": "Point", "coordinates": [-71.1059881, 48.39590429999999]}}, {"type": "Feature", "properties": {"name": "Boulevard Saint-Paul", "kind": "secondary"}, "geometry": {"type": "Point", "coordinates": [-71.1068614, 48.3953165]}}, {"type": "Feature", "properties": {"name": "Rue Bersimis", "kind": "unclassified"}, "geometry": {"type": "Point", "coordinates": [-71.1079994, 48.394509099999986]}}, {"type": "Feature", "properties": {"name": "Boulevard Saint-Paul", "kind": "secondary"}, "geometry": {"type": "Point", "coordinates": [-71.1075459, 48.3946872]}}, {"type": "Feature", "properties": {"name": "Rue de la Manic", "kind": "unclassified"}, "geometry": {"type": "Point", "coordinates": [-71.1153311, 48.4004853]}}, {"type": "Feature", "properties": {"name": "Rue de la Rupert", "kind": "unclassified"}, "geometry": {"type": "Point", "coordinates": [-71.1058977, 48.395419800000006]}}, {"type": "Feature", "properties": {"name": "Boulevard Saint-Paul", "kind": "secondary"}, "geometry": {"type": "Point", "coordinates": [-71.1063012, 48.3958255]}}, {"type": "Feature", "properties": {"name": "Boulevard Saint-Paul", "kind": "secondary"}, "geometry": {"type": "Point", "coordinates": [-71.1058192, 48.39626140000001]}}, {"type": "Feature", "properties": {"name": "Boulevard Saint-Paul", "kind": "secondary"}, "geometry": {"type": "Point", "coordinates": [-71.1060238, 48.3960746]}}, {"type": "Feature", "properties": {"name": "Boulevard Saint-Paul", "kind": "secondary"}, "geometry": {"type": "Point", "coordinates": [-71.1053834, 48.39646020000001]}}, {"type": "Feature", "properties": {"name": "Boulevard Saint-Paul", "kind": "secondary"}, "geometry": {"type": "Point", "coordinates": [-71.1048685, 48.396933499999996]}}, {"type": "Feature", "properties": {"name": "Boulevard Saint-Paul", "kind": "secondary"}, "geometry": {"type": "Point", "coordinates": [-71.1051801, 48.396842]}}, {"type": "Feature", "properties": {"name": "Boulevard Saint-Paul", "kind": "secondary"}, "geometry": {"type": "Point", "coordinates": [-71.1054852, 48.396565599999995]}}, {"type": "Feature", "properties": {"name": "Boulevard Saint-Paul", "kind": "secondary"}, "geometry": {"type": "Point", "coordinates": [-71.1044342, 48.3973332]}}, {"type": "Feature", "properties": {"name": "Boulevard Saint-Paul", "kind": "secondary"}, "geometry": {"type": "Point", "coordinates": [-71.1039425, 48.397781300000005]}}, {"type": "Feature", "properties": {"name": "Boulevard Saint-Paul", "kind": "secondary"}, "geometry": {"type": "Point", "coordinates": [-71.1045718, 48.397396900000004]}}, {"type": "Feature", "properties": {"name": "Boulevard Saint-Paul", "kind": "secondary"}, "geometry": {"type": "Point", "coordinates": [-71.1049594, 48.3970426]}}, {"type": "Feature", "properties": {"name": "Boulevard Saint-Paul", "kind": "secondary"}, "geometry": {"type": "Point", "coordinates": [-71.1001371, 48.40119829999999]}}, {"type": "Feature", "properties": {"name": "Boulevard Saint-Paul", "kind": "secondary"}, "geometry": {"type": "Point", "coordinates": [-71.0998201, 48.40148110000001]}}, {"type": "Feature", "properties": {"name": "Boulevard Saint-Paul", "kind": "secondary"}, "geometry": {"type": "Point", "coordinates": [-71.1002634, 48.40126400000001]}}, {"type": "Feature", "properties": {"name": "Boulevard Saint-Paul", "kind": "secondary"}, "geometry": {"type": "Point", "coordinates": [-71.1007022, 48.40087119999999]}}, {"type": "Feature", "properties": {"name": "Boulevard Saint-Paul", "kind": "secondary"}, "geometry": {"type": "Point", "coordinates": [-71.09939030000001, 48.40186330000002]}}, {"type": "Feature", "properties": {"name": "Boulevard Saint-Paul", "kind": "secondary"}, "geometry": {"type": "Point", "coordinates": [-71.0999487, 48.40154689999999]}}, {"type": "Feature", "properties": {"name": "Boulevard Saint-Paul", "kind": "secondary"}, "geometry": {"type": "Point", "coordinates": [-71.09952, 48.401928500000004]}}, {"type": "Feature", "properties": {"name": "Boulevard Saint-Paul", "kind": "secondary"}, "geometry": {"type": "Point", "coordinates": [-71.0989665, 48.4022415]}}, {"type": "Feature", "properties": {"name": "Boulevard Saint-Paul", "kind": "secondary"}, "geometry": {"type": "Point", "coordinates": [-71.0986902, 48.4024898]}}, {"type": "Feature", "properties": {"name": "Boulevard Saint-Paul", "kind": "secondary"}, "geometry": {"type": "Point", "coordinates": [-71.0991047, 48.40229829999999]}}, {"type": "Feature", "properties": {"name": "Boulevard Saint-Paul", "kind": "secondary"}, "geometry": {"type": "Point", "coordinates": [-71.0988261, 48.40254959999999]}}, {"type": "Feature", "properties": {"name": "Boulevard Saint-Paul", "kind": "secondary"}, "geometry": {"type": "Point", "coordinates": [-71.0984987, 48.4026612]}}, {"type": "Feature", "properties": {"name": "Boulevard Saint-Paul", "kind": "secondary"}, "geometry": {"type": "Point", "coordinates": [-71.0983136, 48.402824900000006]}}, {"type": "Feature", "properties": {"name": "Boulevard Saint-Paul", "kind": "secondary"}, "geometry": {"type": "Point", "coordinates": [-71.098629, 48.4027272]}}, {"type": "Feature", "properties": {"name": "Boulevard Saint-Paul", "kind": "secondary"}, "geometry": {"type": "Point", "coordinates": [-71.0980894, 48.4030236]}}, {"type": "Feature", "properties": {"name": "Boulevard Saint-Paul", "kind": "secondary"}, "geometry": {"type": "Point", "coordinates": [-71.0984377, 48.40289880000001]}}, {"type": "Feature", "properties": {"name": "Boulevard Saint-Paul", "kind": "secondary"}, "geometry": {"type": "Point", "coordinates": [-71.1005798, 48.4007994]}}, {"type": "Feature", "properties": {"name": "Boulevard Saint-Paul", "kind": "secondary"}, "geometry": {"type": "Point", "coordinates": [-71.101219, 48.40040890000001]}}, {"type": "Feature", "properties": {"name": "Boulevard Saint-Paul", "kind": "secondary"}, "geometry": {"type": "Point", "coordinates": [-71.0977559, 48.403318299999995]}}, {"type": "Feature", "properties": {"name": "Boulevard Saint-Paul", "kind": "secondary"}, "geometry": {"type": "Point", "coordinates": [-71.0981625, 48.40314610000001]}}, {"type": "Feature", "properties": {"name": "Boulevard Saint-Paul", "kind": "secondary"}, "geometry": {"type": "Point", "coordinates": [-71.09555020000002, 48.405293099999994]}}, {"type": "Feature", "properties": {"name": "Boulevard Saint-Paul", "kind": "secondary"}, "geometry": {"type": "Point", "coordinates": [-71.0957213, 48.40513779999999]}}, {"type": "Feature", "properties": {"name": "Boulevard Saint-Paul", "kind": "secondary"}, "geometry": {"type": "Point", "coordinates": [-71.0960238, 48.4050611]}}, {"type": "Feature", "properties": {"name": "Boulevard Saint-Paul", "kind": "secondary"}, "geometry": {"type": "Point", "coordinates": [-71.09585760000002, 48.405208699999996]}}, {"type": "Feature", "properties": {"name": "Boulevard Saint-Paul", "kind": "secondary"}, "geometry": {"type": "Point", "coordinates": [-71.0954204, 48.4054092]}}, {"type": "Feature", "properties": {"name": "Boulevard Saint-Paul", "kind": "secondary"}, "geometry": {"type": "Point", "coordinates": [-71.0957066, 48.40534240000001]}}, {"type": "Feature", "properties": {"name": "Boulevard Saint-Paul", "kind": "secondary"}, "geometry": {"type": "Point", "coordinates": [-71.0955808, 48.4054549]}}, {"type": "Feature", "properties": {"name": "Boulevard Saint-Paul", "kind": "secondary"}, "geometry": {"type": "Point", "coordinates": [-71.0951961, 48.405610800000005]}}, {"type": "Feature", "properties": {"name": "Boulevard Saint-Paul", "kind": "secondary"}, "geometry": {"type": "Point", "coordinates": [-71.0948963, 48.405880800000006]}}, {"type": "Feature", "properties": {"name": "Boulevard Saint-Paul", "kind": "secondary"}, "geometry": {"type": "Point", "coordinates": [-71.0953282, 48.405681600000015]}}, {"type": "Feature", "properties": {"name": "Boulevard Saint-Paul", "kind": "secondary"}, "geometry": {"type": "Point", "coordinates": [-71.0946414, 48.40610800000001]}}, {"type": "Feature", "properties": {"name": "Boulevard Saint-Paul", "kind": "secondary"}, "geometry": {"type": "Point", "coordinates": [-71.0950254, 48.405950700000005]}}, {"type": "Feature", "properties": {"name": "Boulevard Saint-Paul", "kind": "secondary"}, "geometry": {"type": "Point", "coordinates": [-71.0942777, 48.406427400000005]}}, {"type": "Feature", "properties": {"name": "Boulevard Saint-Paul", "kind": "secondary"}, "geometry": {"type": "Point", "coordinates": [-71.0947711, 48.406175100000006]}}, {"type": "Feature", "properties": {"name": "Boulevard Saint-Paul", "kind": "secondary"}, "geometry": {"type": "Point", "coordinates": [-71.0939155, 48.406740899999996]}}, {"type": "Feature", "properties": {"name": "Boulevard Saint-Paul", "kind": "secondary"}, "geometry": {"type": "Point", "coordinates": [-71.0944674, 48.40644490000001]}}, {"type": "Feature", "properties": {"name": "Boulevard Saint-Paul", "kind": "secondary"}, "geometry": {"type": "Point", "coordinates": [-71.0941478, 48.40672060000001]}}, {"type": "Feature", "properties": {"name": "Boulevard Saint-Paul", "kind": "secondary"}, "geometry": {"type": "Point", "coordinates": [-71.0935502, 48.407044199999994]}}, {"type": "Feature", "properties": {"name": "Boulevard Saint-Paul", "kind": "secondary"}, "geometry": {"type": "Point", "coordinates": [-71.0931822, 48.4073427]}}, {"type": "Feature", "properties": {"name": "Boulevard Saint-Paul", "kind": "secondary"}, "geometry": {"type": "Point", "coordinates": [-71.0936802, 48.40711230000001]}}, {"type": "Feature", "properties": {"name": "Boulevard Saint-Paul", "kind": "secondary"}, "geometry": {"type": "Point", "coordinates": [-71.0934025, 48.4073379]}}, {"type": "Feature", "properties": {"name": "Boulevard Saint-Paul", "kind": "secondary"}, "geometry": {"type": "Point", "coordinates": [-71.093135, 48.4075457]}}, {"type": "Feature", "properties": {"name": "Rue Descartes", "kind": "residential"}, "geometry": {"type": "Point", "coordinates": [-71.0936776, 48.408137599999996]}}, {"type": "Feature", "properties": {"name": "Boulevard Saint-Paul", "kind": "secondary"}, "geometry": {"type": "Point", "coordinates": [-71.0924698, 48.4078823]}}, {"type": "Feature", "properties": {"name": "Boulevard Saint-Paul", "kind": "secondary"}, "geometry": {"type": "Point", "coordinates": [-71.092695, 48.407879200000025]}}, {"type": "Feature", "properties": {"name": "Boulevard Saint-Paul", "kind": "secondary"}, "geometry": {"type": "Point", "coordinates": [-71.0929168, 48.40754820000001]}}, {"type": "Feature", "properties": {"name": "Boulevard Saint-Paul", "kind": "secondary"}, "geometry": {"type": "Point", "coordinates": [-71.0945957, 48.4063316]}}, {"type": "Feature", "properties": {"name": "Boulevard Saint-Paul", "kind": "secondary"}, "geometry": {"type": "Point", "coordinates": [-71.0958581, 48.40501419999998]}}, {"type": "Feature", "properties": {"name": "Boulevard Saint-Paul", "kind": "secondary"}, "geometry": {"type": "Point", "coordinates": [-71.0963393, 48.40477820000001]}}, {"type": "Feature", "properties": {"name": "Boulevard Saint-Paul", "kind": "secondary"}, "geometry": {"type": "Point", "coordinates": [-71.0959761, 48.40490950000001]}}, {"type": "Feature", "properties": {"name": "Boulevard Saint-Paul", "kind": "secondary"}, "geometry": {"type": "Point", "coordinates": [-71.0962465, 48.404667700000005]}}, {"type": "Feature", "properties": {"name": "Boulevard Saint-Paul", "kind": "secondary"}, "geometry": {"type": "Point", "coordinates": [-71.0966701, 48.404481799999985]}}, {"type": "Feature", "properties": {"name": "Boulevard Saint-Paul", "kind": "secondary"}, "geometry": {"type": "Point", "coordinates": [-71.0974466, 48.403784200000004]}}, {"type": "Feature", "properties": {"name": "Boulevard Saint-Paul", "kind": "secondary"}, "geometry": {"type": "Point", "coordinates": [-71.097193, 48.404012000000016]}}, {"type": "Feature", "properties": {"name": "Boulevard Saint-Paul", "kind": "secondary"}, "geometry": {"type": "Point", "coordinates": [-71.0978557, 48.4034196]}}, {"type": "Feature", "properties": {"name": "Boulevard Saint-Paul", "kind": "secondary"}, "geometry": {"type": "Point", "coordinates": [-71.0969538, 48.404227800000015]}}, {"type": "Feature", "properties": {"name": "Boulevard Saint-Paul", "kind": "secondary"}, "geometry": {"type": "Point", "coordinates": [-71.097212, 48.40380240000001]}}, {"type": "Feature", "properties": {"name": "Boulevard Saint-Paul", "kind": "secondary"}, "geometry": {"type": "Point", "coordinates": [-71.09741440000002, 48.403621199999996]}}, {"type": "Feature", "properties": {"name": "Boulevard Saint-Paul", "kind": "secondary"}, "geometry": {"type": "Point", "coordinates": [-71.101091, 48.40033820000001]}}, {"type": "Feature", "properties": {"name": "Boulevard Saint-Paul", "kind": "secondary"}, "geometry": {"type": "Point", "coordinates": [-71.1016555, 48.40001780000001]}}, {"type": "Feature", "properties": {"name": "Boulevard Saint-Paul", "kind": "secondary"}, "geometry": {"type": "Point", "coordinates": [-71.10232, 48.39942570000001]}}, {"type": "Feature", "properties": {"name": "Boulevard Saint-Paul", "kind": "secondary"}, "geometry": {"type": "Point", "coordinates": [-71.1015207, 48.3999523]}}, {"type": "Feature", "properties": {"name": "Boulevard Saint-Paul", "kind": "secondary"}, "geometry": {"type": "Point", "coordinates": [-71.09705310000001, 48.403945100000016]}}, {"type": "Feature", "properties": {"name": "Boulevard Saint-Paul", "kind": "secondary"}, "geometry": {"type": "Point", "coordinates": [-71.0967333, 48.404231799999984]}}, {"type": "Feature", "properties": {"name": "Boulevard Saint-Paul", "kind": "secondary"}, "geometry": {"type": "Point", "coordinates": [-71.1029525, 48.398860200000016]}}, {"type": "Feature", "properties": {"name": "Boulevard Saint-Paul", "kind": "secondary"}, "geometry": {"type": "Point", "coordinates": [-71.102728, 48.39887029999999]}}, {"type": "Feature", "properties": {"name": "Boulevard Saint-Paul", "kind": "secondary"}, "geometry": {"type": "Point", "coordinates": [-71.1038342, 48.398064100000006]}}, {"type": "Feature", "properties": {"name": "Boulevard Saint-Paul", "kind": "secondary"}, "geometry": {"type": "Point", "coordinates": [-71.1032015, 48.3986345]}}, {"type": "Feature", "properties": {"name": "Boulevard Saint-Paul", "kind": "secondary"}, "geometry": {"type": "Point", "coordinates": [-71.1021301, 48.39940630000001]}}, {"type": "Feature", "properties": {"name": "Boulevard Saint-Paul", "kind": "secondary"}, "geometry": {"type": "Point", "coordinates": [-71.10183560000002, 48.39967089999999]}}, {"type": "Feature", "properties": {"name": "Boulevard Saint-Paul", "kind": "secondary"}, "geometry": {"type": "Point", "coordinates": [-71.1035268, 48.3981566]}}, {"type": "Feature", "properties": {"name": "Boulevard Saint-Paul", "kind": "secondary"}, "geometry": {"type": "Point", "coordinates": [-71.1032876, 48.39836990000001]}}, {"type": "Feature", "properties": {"name": "Rang Sainte-Famille", "kind": "tertiary"}, "geometry": {"type": "Point", "coordinates": [-71.0391498, 48.3707754]}}, {"type": "Feature", "properties": {"name": "Rue du Havre", "kind": "residential"}, "geometry": {"type": "Point", "coordinates": [-71.0588887, 48.427616]}}, {"type": "Feature", "properties": {"name": "Rue Price Ouest", "kind": "tertiary"}, "geometry": {"type": "Point", "coordinates": [-71.0797993, 48.4305911]}}, {"type": "Feature", "properties": {"name": "Rue Price Ouest", "kind": "secondary"}, "geometry": {"type": "Point", "coordinates": [-71.0798358, 48.4307646]}}, {"type": "Feature", "properties": {"name": "Rue de l'Acacia", "kind": "residential"}, "geometry": {"type": "Point", "coordinates": [-71.1074245, 48.4619669]}}, {"type": "Feature", "properties": {"name": "Boulevard de l'Université", "kind": "secondary"}, "geometry": {"type": "Point", "coordinates": [-71.0492722, 48.41142959999999]}}, {"type": "Feature", "properties": {"name": "Rue Bégin", "kind": "tertiary"}, "geometry": {"type": "Point", "coordinates": [-71.06719, 48.4137215]}}, {"type": "Feature", "properties": {"name": "Rue Des Oblats Est", "kind": "residential"}, "geometry": {"type": "Point", "coordinates": [-71.0674556, 48.413420599999995]}}, {"type": "Feature", "properties": {"name": "Rue Bégin", "kind": "tertiary"}, "geometry": {"type": "Point", "coordinates": [-71.0671315, 48.413693]}}, {"type": "Feature", "properties": {"name": "Rue Jacques-Cartier Est", "kind": "secondary"}, "geometry": {"type": "Point", "coordinates": [-71.0656051, 48.42657950000002]}}, {"type": "Feature", "properties": {"name": "Rue Coquart", "kind": "residential"}, "geometry": {"type": "Point", "coordinates": [-71.0679236, 48.4213987]}}, {"type": "Feature", "properties": {"name": "Boulevard de l'Université", "kind": "primary"}, "geometry": {"type": "Point", "coordinates": [-71.0701385, 48.421660599999996]}}, {"type": "Feature", "properties": {"name": "Boulevard de l'Université", "kind": "primary"}, "geometry": {"type": "Point", "coordinates": [-71.0625527, 48.4201032]}}, {"type": "Feature", "properties": {"name": "Rue du Boulevard", "kind": "tertiary"}, "geometry": {"type": "Point", "coordinates": [-71.1333614, 48.31763720000001]}}, {"type": "Feature", "properties": {"name": "Rue du Boulevard", "kind": "tertiary"}, "geometry": {"type": "Point", "coordinates": [-71.1330136, 48.31747540000001]}}, {"type": "Feature", "properties": {"name": "Rue du Boulevard", "kind": "tertiary"}, "geometry": {"type": "Point", "coordinates": [-71.1327168, 48.317333600000005]}}, {"type": "Feature", "properties": {"name": "Boulevard Saint-Paul", "kind": "secondary"}, "geometry": {"type": "Point", "coordinates": [-71.1152967, 48.387391199999996]}}, {"type": "Feature", "properties": {"name": "Rue du Haut-Bois", "kind": "residential"}, "geometry": {"type": "Point", "coordinates": [-71.117244, 48.381429000000004]}}, {"type": "Feature", "properties": {"name": "Rue Brigittte", "kind": "residential"}, "geometry": {"type": "Point", "coordinates": [-71.064745, 48.45713089999999]}}, {"type": "Feature", "properties": {"name": "Rue des Roseaux", "kind": "residential"}, "geometry": {"type": "Point", "coordinates": [-71.0989551, 48.45818760000001]}}, {"type": "Feature", "properties": {"name": "Chemin du Portage-des-Roches Nord", "kind": "unclassified"}, "geometry": {"type": "Point", "coordinates": [-71.2125635, 48.308545100000025]}}, {"type": "Feature", "properties": {"name": "Chemin du Portage-des-Roches Nord", "kind": "unclassified"}, "geometry": {"type": "Point", "coordinates": [-71.2114743, 48.31025500000001]}}, {"type": "Feature", "properties": {"name": "Rue des Champs-Élysées", "kind": "unclassified"}, "geometry": {"type": "Point", "coordinates": [-71.0531576, 48.405016100000005]}}, {"type": "Feature", "properties": {"name": "Boulevard du Saguenay Est", "kind": "secondary"}, "geometry": {"type": "Point", "coordinates": [-71.0281287, 48.4290814]}}, {"type": "Feature", "properties": {"name": "Boulevard du Saguenay Est", "kind": "secondary"}, "geometry": {"type": "Point", "coordinates": [-71.0294515, 48.42957329999999]}}, {"type": "Feature", "properties": {"name": "Boulevard du Saguenay Est", "kind": "secondary"}, "geometry": {"type": "Point", "coordinates": [-71.0298857, 48.429663]}}, {"type": "Feature", "properties": {"name": "Boulevard de l'Université", "kind": "primary"}, "geometry": {"type": "Point", "coordinates": [-71.0554365, 48.416902399999984]}}, {"type": "Feature", "properties": {"name": "Boulevard de l'Université", "kind": "primary"}, "geometry": {"type": "Point", "coordinates": [-71.0546751, 48.4160565]}}, {"type": "Feature", "properties": {"name": "Boulevard Sainte-Geneviève", "kind": "primary"}, "geometry": {"type": "Point", "coordinates": [-71.0726647, 48.4408722]}}, {"type": "Feature", "properties": {"name": "Rue Georges-Vanier", "kind": "residential"}, "geometry": {"type": "Point", "coordinates": [-71.0649801, 48.4124098]}}, {"type": "Feature", "properties": {"name": "Rue Georges-Vanier", "kind": "residential"}, "geometry": {"type": "Point", "coordinates": [-71.0641772, 48.41356639999999]}}]}